match_weight,is_match,unique_id_l,unique_id_r,first_name_l,first_name_r,gamma_first_name,tf_first_name_l,tf_first_name_r,bf_first_name,bf_tf_adj_first_name,surname_l,surname_r,gamma_surname,tf_surname_l,tf_surname_r,bf_surname,bf_tf_adj_surname,dob_l,dob_r,gamma_dob,bf_dob,city_l,city_r,gamma_city,tf_city_l,tf_city_r,bf_city,bf_tf_adj_city,email_l,email_r,gamma_email,tf_email_l,tf_email_r,bf_email,bf_tf_adj_email,match_key,predicted_match
4.731188456644671,0.9637156561554924,8,9,,Evie,-1,,0.0084235860409145,1.0,1.0,Dean,Dean,4,0.0036630036630036,0.0036630036630036,1024.0,0.2532714843749999,2015-03-03,2015-03-03,2,1024.0,,Pootsmruth,-1,,0.001230012300123,1.0,1.0,,evihd56@earris-bailey.net,-1,,0.0012674271229404,1.0,1.0,1,1.0
9.618926947805033,0.998729828150482,26,28,Thomas,Thomas,4,0.0060168471720818,0.0060168471720818,1024.0,0.154189453125,Gabriel,Gabriel,4,0.0048840048840048,0.0048840048840048,1024.0,0.18995361328125,1976-09-15,1976-09-15,2,1024.0,Loodon,London,0,0.001230012300123,0.2127921279212792,0.03125,1.0,gabriel.t54@nnichls.info,gabriel.t54@nichols.info,3,0.0012674271229404,0.0025348542458808,8.0,1.0,1,1.0
4.618926947805032,0.9608943005326154,29,30,Thomas,Thomas,4,0.0060168471720818,0.0060168471720818,1024.0,0.154189453125,Gabriel,Gabriel,4,0.0048840048840048,0.0048840048840048,1024.0,0.18995361328125,1976-08-15,1976-09-15,1,8.0,,London,-1,,0.2127921279212792,1.0,1.0,,gabriel.t54@nlchois.info,-1,,0.0012674271229404,1.0,1.0,1,1.0
22.11806262723124,0.999999780315403,37,39,Theodore,Theodore,4,0.0120336943441636,0.0120336943441636,1024.0,0.0770947265625,Morris,Morris,4,0.0048840048840048,0.0048840048840048,1024.0,0.18995361328125,1978-08-19,1978-08-19,2,1024.0,Birmingham,Birmingham,1,0.04920049200492,0.04920049200492,1024.0,0.018856201171875,t.m39@brooks-sawyer.com,t.m39@brooks-sawyer.com,4,0.0063371356147021,0.0063371356147021,1024.0,0.146396484375,0,1.0
2.994222862478465,0.8884927756165515,83,84,Ran,Ryan,3,0.0012033694344163,0.0060168471720818,8.0,1.0,Cole,Cole,4,0.0061050061050061,0.0061050061050061,1024.0,0.1519628906249999,1988-06-27,1988-05-27,1,8.0,,Bristol,-1,,0.019680196801968,1.0,1.0,r.cole1@ramirez-anthony.com,r.cole1@ramtrez-anihony.com,3,0.0063371356147021,0.0012674271229404,8.0,1.0,1,1.0
16.578157039099327,0.9999897794793586,90,94,Osacar,Oscra,2,0.0012033694344163,0.0012033694344163,1.259921049894873,1.0,Moore,Moore,4,0.0036630036630036,0.0036630036630036,1024.0,0.2532714843749999,2016-01-12,2016-01-12,2,1024.0,Liverpool,Liverpool,1,0.040590405904059,0.040590405904059,1024.0,0.0228560014204545,omoore64@randall.com,omoore64@randall.com,4,0.0076045627376425,0.0076045627376425,1024.0,0.1219970703125,1,1.0
13.91149037243266,0.999935107287186,94,95,Oscra,Ocar,1,0.0012033694344163,0.0012033694344163,0.1984251314960249,1.0,Moore,Moore,4,0.0036630036630036,0.0036630036630036,1024.0,0.2532714843749999,2016-01-12,2016-01-12,2,1024.0,Liverpool,Liverpool,1,0.040590405904059,0.040590405904059,1024.0,0.0228560014204545,omoore64@randall.com,omoore64@randall.com,4,0.0076045627376425,0.0076045627376425,1024.0,0.1219970703125,1,1.0
-1.6838490426341732,0.237369577155409,106,107,Miaisie,Maisie,1,0.0012033694344163,0.0048134777376654,0.1984251314960249,1.0,Walsh,Walsh,4,0.0024420024420024,0.0024420024420024,1024.0,0.3799072265625,2005-08-20,2005-08-20,2,1024.0,Bimminghar,Birmingham,0,0.001230012300123,0.04920049200492,0.03125,1.0,maiie.walsoh@hodge.com,maisie.walsh@hodge.com,2,0.0012674271229404,0.0025348542458808,1.259921049894873,1.0,1,0.0
0.6494842906991602,0.6106839804224428,118,119,,Dylan,-1,,0.0072202166064981,1.0,1.0,Macdonald,Macdonald,4,0.0024420024420024,0.0024420024420024,1024.0,0.3799072265625,1985-10-15,1985-10-15,2,1024.0,London,Lodon,0,0.2127921279212792,0.009840098400984,0.03125,1.0,dmacdoald@riverb-glass.siz,dmacdonald@rivers-glass.biz,2,0.0012674271229404,0.0025348542458808,1.259921049894873,1.0,1,1.0
17.140277848811472,0.9999930775595712,142,144,Harry,Harry,4,0.0108303249097472,0.0108303249097472,1024.0,0.0856608072916666,,May,-1,,0.0097680097680097,1.0,1.0,1987-10-28,1987-10-28,2,1024.0,Cardiff,Cardiff,1,0.014760147601476,0.014760147601476,1024.0,0.06285400390625,hmay32@richardson-rhodes.com,hmay32@richardson-rhodes.com,4,0.0038022813688212,0.0038022813688212,1024.0,0.243994140625,0,1.0
2.311498422612785,0.8323268431539109,165,166,Elizabeth,Elizabeth,4,0.01323706377858,0.01323706377858,1024.0,0.0700861150568181,Wright,Wright,4,0.0109890109890109,0.0109890109890109,1024.0,0.0844238281249999,1994-02-01,1994-02-03,1,8.0,,Swansea,-1,,0.015990159901599,1.0,1.0,,elizabeth.w@sullivan-anderson.info,-1,,0.0050697084917617,1.0,1.0,1,1.0
9.311498422612786,0.9984286363629123,165,168,Elizabeth,Elizabeth,4,0.01323706377858,0.01323706377858,1024.0,0.0700861150568181,Wright,Wright,4,0.0109890109890109,0.0109890109890109,1024.0,0.0844238281249999,1994-02-01,1994-02-01,2,1024.0,,Swasea,-1,,0.002460024600246,1.0,1.0,,elizabeth.w@sullivan-anderson.info,-1,,0.0050697084917617,1.0,1.0,1,1.0
6.146225955923515,0.986077643834411,165,169,Elizabeth,Elizaeth,3,0.01323706377858,0.0012033694344163,8.0,1.0,Wright,Wright,4,0.0109890109890109,0.0109890109890109,1024.0,0.0844238281249999,1994-02-01,1994-02-01,2,1024.0,,awansS,-1,,0.001230012300123,1.0,1.0,,elizabeth.w@sullivan-anderson.info,-1,,0.0050697084917617,1.0,1.0,1,1.0
16.154588503256356,0.9999862918660504,181,182,Freddie,Freddie,4,0.0180505415162454,0.0180505415162454,1024.0,0.0513964843749999,Holmes,Holmes,4,0.0061050061050061,0.0061050061050061,1024.0,0.1519628906249999,1992-10-02,1993-10-02,1,8.0,Kingston-upon-Hull,Kingston-upon-Hull,1,0.015990159901599,0.015990159901599,1024.0,0.0580190805288461,fholmes@duncan.com,fholmes@duncan.com,4,0.0050697084917617,0.0050697084917617,1024.0,0.18299560546875,0,1.0
2.261917260766196,0.8274756895520309,184,186,Freddie,Freddie,4,0.0180505415162454,0.0180505415162454,1024.0,0.0513964843749999,Holmes,Holmes,4,0.0061050061050061,0.0061050061050061,1024.0,0.1519628906249999,1993-10-04,1993-11-03,0,0.03125,,Kingston-upon-Hull,-1,,0.015990159901599,1.0,1.0,fholmes@duncan.com,fholmes@duncan.com,4,0.0050697084917617,0.0050697084917617,1024.0,0.18299560546875,1,1.0
0.6961068644931964,0.6183391037882463,207,210,Eloilt,Elliot,3,0.0012033694344163,0.0024067388688327,8.0,1.0,Page,Page,4,0.0036630036630036,0.0036630036630036,1024.0,0.2532714843749999,1979-05-25,1979-04-23,0,0.03125,,London,-1,,0.2127921279212792,1.0,1.0,e.page13@dyer-williams.com,e.page13@dyer-williams.com,4,0.0038022813688212,0.0038022813688212,1024.0,0.243994140625,1,1.0
0.7709300412500822,0.6305012975205242,268,271,Lydia,Lydia,4,0.003610108303249,0.003610108303249,1024.0,0.256982421875,Brooks,Brooks,4,0.0036630036630036,0.0036630036630036,1024.0,0.2532714843749999,2016-02-13,2026-02-10,0,0.03125,,Liverpool,-1,,0.040590405904059,1.0,1.0,lbrooks9@miller.org,lbrooks9@omiller.org,3,0.0025348542458808,0.0012674271229404,8.0,1.0,1,1.0
9.739336916554766,0.9988314167844003,289,295,,Jakcsson,-1,,0.0012033694344163,1.0,1.0,Lee,Lee,4,0.0097680097680097,0.0097680097680097,1024.0,0.094976806640625,2009-11-10,2009-11-10,2,1024.0,Belfast,Belfast,1,0.011070110701107,0.011070110701107,1024.0,0.0838053385416666,,j.lee86@roberson.com,-1,,0.0038022813688212,1.0,1.0,1,1.0
6.850277828551651,0.9914076264334806,300,301,Harrison,Harrosin,3,0.0084235860409145,0.0012033694344163,8.0,1.0,Marshall,Marshall,4,0.0073260073260073,0.0073260073260073,1024.0,0.1266357421874999,1975-09-11,1974-09-11,1,8.0,Southampton,Southampton,1,0.008610086100861,0.008610086100861,1024.0,0.1077497209821428,harrisonm@patrick.com,harrisonmk@ptrick.com,2,0.0012674271229404,0.0012674271229404,1.259921049894873,1.0,1,1.0
26.855028221397447,0.999999991761826,307,308,Harley,Harley,4,0.0060168471720818,0.0060168471720818,1024.0,0.154189453125,Ros,Ros,4,0.0024420024420024,0.0024420024420024,1024.0,0.3799072265625,2000-07-16,2000-07-16,2,1024.0,Swindon,Swindon,1,0.01230012300123,0.01230012300123,1024.0,0.0754248046875,harley.rose50@sawyer-lin.org,harley.rose50@sawyer-lin.org,4,0.0038022813688212,0.0038022813688212,1024.0,0.243994140625,0,1.0
10.45914282656676,0.9992901348095572,321,323,,Amelia,-1,,0.0108303249097472,1.0,1.0,Fletcher,Fletcher,4,0.0048840048840048,0.0048840048840048,1024.0,0.18995361328125,1987-04-28,1987-04-29,1,8.0,Bristol,Bristol,1,0.019680196801968,0.019680196801968,1024.0,0.0471405029296874,ameliafletcher22@diaz.com,ameliafletcher22@diaz.com,4,0.0050697084917617,0.0050697084917617,1024.0,0.18299560546875,1,1.0
12.940855042692396,0.9998728374485844,330,333,Eleanor,Eleanor,4,0.0048134777376654,0.0048134777376654,1024.0,0.1927368164062499,Richards,Richards,4,0.0024420024420024,0.0024420024420024,1024.0,0.3799072265625,2014-07-10,2014-07-10,2,1024.0,,Mancester,-1,,0.001230012300123,1.0,1.0,,e.richards16@finley.info,-1,,0.0012674271229404,1.0,1.0,1,1.0
-1.6547155575947423,0.2410445290469905,342,345,William,William,4,0.0048134777376654,0.0048134777376654,1024.0,0.1927368164062499,,Nicholson,-1,,0.0024420024420024,1.0,1.0,2007-12-22,2006-12-21,0,0.03125,Reading,Reading,1,0.014760147601476,0.014760147601476,1024.0,0.06285400390625,williamn@curryflores.com,williamn@curry-flores.com,3,0.0012674271229404,0.0038022813688212,8.0,1.0,0,0.0
19.90577345054092,0.9999989819604216,385,386,Lottie,Lottie,4,0.003610108303249,0.003610108303249,1024.0,0.256982421875,Davis,Davis,4,0.0048840048840048,0.0048840048840048,1024.0,0.18995361328125,1972-06-12,1972-06-12,2,1024.0,,StSockton-on-Tees,-1,,0.001230012300123,1.0,1.0,lottie.d7@morgan-pierce.com,lottie.d7@morgan-pierce.com,4,0.0050697084917617,0.0050697084917617,1024.0,0.18299560546875,1,1.0
16.29844313679131,0.9999875927839498,401,402,James,James,4,0.0156438026474127,0.0156438026474127,1024.0,0.0593036358173076,Dixon,Dixon,4,0.0109890109890109,0.0109890109890109,1024.0,0.0844238281249999,1991-04-12,1991-04-12,2,1024.0,,Loodnon,-1,,0.001230012300123,1.0,1.0,james.d@merritt-scott.com,james.d@merritt-scott.com,4,0.0063371356147021,0.0063371356147021,1024.0,0.146396484375,1,1.0
3.508796035308223,0.919243461700612,416,419,,Florence,-1,,0.0024067388688327,1.0,1.0,Brown,Brown,4,0.0085470085470085,0.0085470085470085,1024.0,0.1085449218749999,1992-02-28,1992-02-28,2,1024.0,,London,-1,,0.2127921279212792,1.0,1.0,,fb@reese.com,-1,,0.0025348542458808,1.0,1.0,1,1.0
4.528843136729123,0.9584792595455728,428,429,Archie,Archie,4,0.003610108303249,0.003610108303249,1024.0,0.256982421875,Soctt,Scott,3,0.0012210012210012,0.0048840048840048,8.0,1.0,1984-09-19,1974-08-21,0,0.03125,Liverpool,Liverpool,1,0.040590405904059,0.040590405904059,1024.0,0.0228560014204545,a.s@humphrey.com,a.s@humphrey.com,4,0.0063371356147021,0.0063371356147021,1024.0,0.146396484375,0,1.0
24.132562196926354,0.9999999456280532,429,430,Archie,Archie,4,0.003610108303249,0.003610108303249,1024.0,0.256982421875,Scott,Scott,4,0.0048840048840048,0.0048840048840048,1024.0,0.18995361328125,1974-08-21,1974-08-21,2,1024.0,Liverpool,Liverpool,1,0.040590405904059,0.040590405904059,1024.0,0.0228560014204545,a.s@humphrey.com,a.s@humphrey.com,4,0.0063371356147021,0.0063371356147021,1024.0,0.146396484375,0,1.0
13.75948727898761,0.999927897505643,430,431,Archie,Areceih,1,0.003610108303249,0.0012033694344163,0.1984251314960249,1.0,Scott,Scott,4,0.0048840048840048,0.0048840048840048,1024.0,0.18995361328125,1974-08-21,1974-08-21,2,1024.0,Liverpool,Liverpool,1,0.040590405904059,0.040590405904059,1024.0,0.0228560014204545,a.s@humphrey.com,a.s@humphrey.com,4,0.0063371356147021,0.0063371356147021,1024.0,0.146396484375,1,1.0
3.0023713223885595,0.8890511234647287,488,491,Ameliee,Amelie,3,0.0012033694344163,0.0024067388688327,8.0,1.0,Oliver,Oliver,4,0.0036630036630036,0.0036630036630036,1024.0,0.2532714843749999,1980-10-12,1980-11-11,0,0.03125,Nottingham,Nottingham,1,0.006150061500615,0.006150061500615,1024.0,0.150849609375,ao24@green.net,ao24@green.@net,3,0.0050697084917617,0.0012674271229404,8.0,1.0,1,1.0
18.00237132238856,0.9999961915822124,491,492,Amelie,Amelime,3,0.0024067388688327,0.0012033694344163,8.0,1.0,Oliver,Oliver,4,0.0036630036630036,0.0036630036630036,1024.0,0.2532714843749999,1980-11-11,1980-11-11,2,1024.0,Nottingham,Nottingham,1,0.006150061500615,0.006150061500615,1024.0,0.150849609375,ao24@green.@net,ao24@green.net,3,0.0012674271229404,0.0050697084917617,8.0,1.0,1,1.0
14.12289202106881,0.9999439518175074,495,496,Harrison,Harrison,4,0.0084235860409145,0.0084235860409145,1024.0,0.1101353236607142,Norman,Norma,3,0.0036630036630036,0.0012210012210012,8.0,1.0,1982-10-18,1982-10-18,2,1024.0,Milton,Milton,1,0.004920049200492,0.004920049200492,1024.0,0.1885620117187499,,hn@martinez-reynolds.com,-1,,0.0025348542458808,1.0,1.0,0,1.0
1.311511390930832,0.7128099048669794,512,513,Theo,Theo,4,0.003610108303249,0.003610108303249,1024.0,0.256982421875,Wheti,White,1,0.0012210012210012,0.0036630036630036,0.1984251314960249,1.0,2001-06-09,2001-07-09,1,8.0,Kingston-upon-Hull,Kingston-upon-Hull,1,0.015990159901599,0.015990159901599,1024.0,0.0580190805288461,,t.white@west-waller.net,-1,,0.0038022813688212,1.0,1.0,0,1.0
0.7311884566446709,0.6240609984434569,516,518,,Amelia,-1,,0.0108303249097472,1.0,1.0,Morgan,Morgan,4,0.0146520146520146,0.0146520146520146,1024.0,0.0633178710937499,2011-05-26,2011-05-26,2,1024.0,Swindon,Swindno,0,0.01230012300123,0.001230012300123,0.03125,1.0,amelia.morgan92@davidsn-taylor.com,amelia.morgan92@davidson-taylor.com,3,0.0012674271229404,0.0050697084917617,8.0,1.0,1,1.0
12.00237132238856,0.9997563197278816,516,519,,Amlelia,-1,,0.0012033694344163,1.0,1.0,Morgan,Morgan,4,0.0146520146520146,0.0146520146520146,1024.0,0.0633178710937499,2011-05-26,2011-05-26,2,1024.0,Swindon,Swindon,1,0.01230012300123,0.01230012300123,1024.0,0.0754248046875,amelia.morgan92@davidsn-taylor.com,amelia.morgan92@davidson-ta.lorycom,3,0.0012674271229404,0.0012674271229404,8.0,1.0,1,1.0
0.7311884566446709,0.6240609984434569,516,520,,AmelAia,-1,,0.0012033694344163,1.0,1.0,Morgan,Morgan,4,0.0146520146520146,0.0146520146520146,1024.0,0.0633178710937499,2011-05-26,2011-05-26,2,1024.0,Swindon,Swinon,0,0.01230012300123,0.001230012300123,0.03125,1.0,amelia.morgan92@davidsn-taylor.com,amelia.morgan92@davidson-taylor.com,3,0.0012674271229404,0.0050697084917617,8.0,1.0,1,1.0
7.647135369756113,0.9950361149417042,527,528,Oliver,Oliver,4,0.0336943441636582,0.0336943441636582,1024.0,0.0275338309151785,Dawson,Dawson,4,0.0024420024420024,0.0024420024420024,1024.0,0.3799072265625,1985-12-05,1985-11-03,0,0.03125,Liverpool,Liverpool,1,0.040590405904059,0.040590405904059,1024.0,0.0228560014204545,odawson45@malone-cabrera.com,odawson45@malone-cabrera.com,4,0.0038022813688212,0.0038022813688212,1024.0,0.243994140625,0,1.0
17.043416309558882,0.9999925968381004,528,529,Oliver,Oliver,4,0.0336943441636582,0.0336943441636582,1024.0,0.0275338309151785,Dawson,Dawon,3,0.0024420024420024,0.0012210012210012,8.0,1.0,1985-11-03,1985-11-03,2,1024.0,Liverpool,Liverpool,1,0.040590405904059,0.040590405904059,1024.0,0.0228560014204545,odawson45@malone-cabrera.com,odawson45@malone-cabrera.com,4,0.0038022813688212,0.0038022813688212,1024.0,0.243994140625,0,1.0
15.815286636792036,0.9999826572964534,548,551,,Riley,-1,,0.0060168471720818,1.0,1.0,King,King,4,0.0122100122100122,0.0122100122100122,1024.0,0.0759814453124999,1984-04-19,1984-04-19,2,1024.0,Aberdeen,Aberdeen,1,0.019680196801968,0.019680196801968,1024.0,0.0471405029296874,riley.k@zavala.com,riley.k@zavala.com,4,0.0063371356147021,0.0063371356147021,1024.0,0.146396484375,1,1.0
7.316150957365827,0.993764053331657,563,564,,Oliva,-1,,0.0012033694344163,1.0,1.0,Clarke,Clarke,4,0.0048840048840048,0.0048840048840048,1024.0,0.18995361328125,1986-02-13,1986-02-13,2,1024.0,,Loonnod,-1,,0.001230012300123,1.0,1.0,oc34@phelps-harper.biz,oc34@phelps-harper.iz,3,0.0025348542458808,0.0012674271229404,8.0,1.0,1,1.0
0.6961068644931964,0.6183391037882463,572,573,Mihael,Michael,3,0.0012033694344163,0.0072202166064981,8.0,1.0,Sutherland,Sutherland,4,0.0036630036630036,0.0036630036630036,1024.0,0.2532714843749999,1989-06-21,1990-07-21,0,0.03125,,London,-1,,0.2127921279212792,1.0,1.0,michael.sutherland@hobbs.com,michael.sutherland@hobbs.com,4,0.0038022813688212,0.0038022813688212,1024.0,0.243994140625,1,1.0
9.896460923333942,0.9989518752469002,575,579,Jessica,Jessica,4,0.01323706377858,0.01323706377858,1024.0,0.0700861150568181,Owen,Owen,4,0.0073260073260073,0.0073260073260073,1024.0,0.1266357421874999,1974-11-17,1974-11-17,2,1024.0,,Walsall,-1,,0.003690036900369,1.0,1.0,,jessica.owen@elliott.org,-1,,0.0025348542458808,1.0,1.0,1,1.0
6.95914127032699,0.9920271554940348,589,592,,Jacob,-1,,0.0192539109506618,1.0,1.0,Riley,Riley,4,0.0061050061050061,0.0061050061050061,1024.0,0.1519628906249999,2012-09-30,2012-09-30,2,1024.0,Livopeol,Liverpool,0,0.001230012300123,0.040590405904059,0.03125,1.0,j.riley9@bennett.net,j.riley9@bennett.net,4,0.0038022813688212,0.0038022813688212,1024.0,0.243994140625,1,1.0
0.9882747553664206,0.6648581557282077,653,656,Dylan,Dylan,4,0.0072202166064981,0.0072202166064981,1024.0,0.1284912109375,,Rberts,-1,,0.0012210012210012,1.0,1.0,1990-09-28,1990-10-26,0,0.03125,Birmingham,Birmingham,1,0.04920049200492,0.04920049200492,1024.0,0.018856201171875,droberts73@taylor-lang.com,droberts73@taylor-lang.com,4,0.0038022813688212,0.0038022813688212,1024.0,0.243994140625,0,1.0
12.8077025097246,0.9998605441298362,670,671,Ollie,Ollie,4,0.003610108303249,0.003610108303249,1024.0,0.256982421875,Rowe,Rewo,0,0.0024420024420024,0.0012210012210012,0.03125,1.0,2006-12-05,2006-12-05,2,1024.0,Manchester,Manchester,1,0.020910209102091,0.020910209102091,1024.0,0.0443675321691176,or@cox-blackwell.org,or@cox-blackwell.org,4,0.0050697084917617,0.0050697084917617,1024.0,0.18299560546875,0,1.0
8.811572025747429,0.9977793147522596,690,693,Olivia,Olivia,4,0.0168471720818291,0.0168471720818291,1024.0,0.0550676618303571,King,King,4,0.0122100122100122,0.0122100122100122,1024.0,0.0759814453124999,2004-04-17,2004-04-17,2,1024.0,,Newcastle-upon-Tyne,-1,,0.022140221402214,1.0,1.0,,olivia.k1@howell.com,-1,,0.0025348542458808,1.0,1.0,1,1.0
7.281069365214352,0.9936115375516812,706,710,,Maya,-1,,0.0048134777376654,1.0,1.0,Curtis,Curtis,4,0.0048840048840048,0.0048840048840048,1024.0,0.18995361328125,2014-08-28,2014-08-28,2,1024.0,Newcastle-pon-Tyne,Newcastle-upon-Tyne,0,0.001230012300123,0.022140221402214,0.03125,1.0,mcurtis53@simpson.com,mcurtis53@simpson.com,4,0.0038022813688212,0.0038022813688212,1024.0,0.243994140625,1,1.0
12.09536499174802,0.999771527942106,723,727,Isaac,Isaac,4,0.0060168471720818,0.0060168471720818,1024.0,0.154189453125,Jones,Jones,4,0.028083028083028,0.028083028083028,1024.0,0.0330354110054347,2008-02-23,2008-02-23,2,1024.0,,Baltasf,-1,,0.001230012300123,1.0,1.0,isaac.jones54@bradford.net,isaac.jones54@bradford.enet,3,0.0050697084917617,0.0012674271229404,8.0,1.0,1,1.0
0.6189269478050322,0.60563663626775,740,742,Ahmed,Ahmed,4,0.0024067388688327,0.0024067388688327,1024.0,0.3854736328124999,Oscar,Oscar,4,0.0061050061050061,0.0061050061050061,1024.0,0.1519628906249999,2005-09-18,2006-09-14,0,0.03125,,Loodnn,-1,,0.002460024600246,1.0,1.0,oa14@lee.coom,oa14@lee.com,3,0.0012674271229404,0.0050697084917617,8.0,1.0,1,1.0
4.168807856374714,0.9473297976271524,780,782,Harvey,Harvey,4,0.0048134777376654,0.0048134777376654,1024.0,0.1927368164062499,Robertson,Robertson,4,0.0061050061050061,0.0061050061050061,1024.0,0.1519628906249999,1997-03-24,1996-03-25,0,0.03125,,London,-1,,0.2127921279212792,1.0,1.0,harveyrobertson32@chavez.com,harveyrobertson32@chavez.com,4,0.0050697084917617,0.0050697084917617,1024.0,0.18299560546875,1,1.0
-1.7618552979982331,0.2277209394862972,786,787,Jackson,Jackson,4,0.0084235860409145,0.0084235860409145,1024.0,0.1101353236607142,,Fisher,-1,,0.0012210012210012,1.0,1.0,2013-12-25,2004-11-26,0,0.03125,London,London,1,0.2127921279212792,0.2127921279212792,1024.0,0.0043598152998554,j.fisher4@sullivan.com,j.fisher4@sullivan.com,4,0.0050697084917617,0.0050697084917617,1024.0,0.18299560546875,0,0.0
9.776490433595956,0.9988610930994776,844,845,Oliver,Oliver,4,0.0336943441636582,0.0336943441636582,1024.0,0.0275338309151785,Watson,Watson,4,0.0061050061050061,0.0061050061050061,1024.0,0.1519628906249999,2013-09-04,2013-08-04,1,8.0,,GlasgGow,-1,,0.001230012300123,1.0,1.0,oliverwatson97@morgan.com,oliverwatson97@morgan.com,4,0.0038022813688212,0.0038022813688212,1024.0,0.243994140625,1,1.0
6.243989548101866,0.9869779516247772,853,854,Michael,Michael,4,0.0072202166064981,0.0072202166064981,1024.0,0.1284912109375,,Wels,-1,,0.0012210012210012,1.0,1.0,2000-04-03,2000-04-03,2,1024.0,London,London,1,0.2127921279212792,0.2127921279212792,1024.0,0.0043598152998554,m@w.cannon.com,m.w@cannon.com,2,0.0012674271229404,0.0025348542458808,1.259921049894873,1.0,0,1.0
6.731188456644671,0.9906751546167356,856,859,,Theodore,-1,,0.0120336943441636,1.0,1.0,Marshall,Marshall,4,0.0073260073260073,0.0073260073260073,1024.0,0.1266357421874999,1972-07-25,1972-07-25,2,1024.0,,Birmingham,-1,,0.04920049200492,1.0,1.0,theodore.m@taylor.com,theodore.m@taylorcom,3,0.0025348542458808,0.0012674271229404,8.0,1.0,1,1.0
24.369601394227203,0.9999999538662266,861,864,Lily,Lily,4,0.0072202166064981,0.0072202166064981,1024.0,0.1284912109375,Robinson,Robinson,4,0.0048840048840048,0.0048840048840048,1024.0,0.18995361328125,2009-07-06,2009-07-06,2,1024.0,Salford,Salford,1,0.017220172201722,0.017220172201722,1024.0,0.0538748604910714,lily.robinson73@peterson.biz,lily.robinson73@peterson.biz,4,0.0063371356147021,0.0063371356147021,1024.0,0.146396484375,0,1.0
7.355892541971238,0.9939324610276674,894,895,Jaxon,Jaxon,4,0.0048134777376654,0.0048134777376654,1024.0,0.1927368164062499,Rice,Rice,4,0.0036630036630036,0.0036630036630036,1024.0,0.2532714843749999,1980-02-02,1980-02-02,2,1024.0,dLondon,Lonnod,0,0.001230012300123,0.007380073800738,0.03125,1.0,,jaxon.r@cantu.org,-1,,0.0038022813688212,1.0,1.0,1,1.0
7.355892541971238,0.9939324610276674,894,897,Jaxon,Jaxon,4,0.0048134777376654,0.0048134777376654,1024.0,0.1927368164062499,Rice,Rice,4,0.0036630036630036,0.0036630036630036,1024.0,0.2532714843749999,1980-02-02,1980-02-02,2,1024.0,dLondon,London,0,0.001230012300123,0.2127921279212792,0.03125,1.0,,jaxon.r@cantu.org,-1,,0.0038022813688212,1.0,1.0,1,1.0
1.4439542391426103,0.7312301488247821,928,930,Luke,Luke,4,0.0060168471720818,0.0060168471720818,1024.0,0.154189453125,,Robinnso,-1,,0.0012210012210012,1.0,1.0,1972-10-20,1981-10-18,0,0.03125,Coventry,Coventry,1,0.025830258302583,0.025830258302583,1024.0,0.0359165736607142,lrobinson@wolf.org,lrobinson@wolf.org,4,0.0063371356147021,0.0063371356147021,1024.0,0.146396484375,0,1.0
1.4439542391426103,0.7312301488247821,928,932,Luke,Luke,4,0.0060168471720818,0.0060168471720818,1024.0,0.154189453125,,Robinssno,-1,,0.0012210012210012,1.0,1.0,1972-10-20,1971-11-18,0,0.03125,Coventry,Coventry,1,0.025830258302583,0.025830258302583,1024.0,0.0359165736607142,lrobinson@wolf.org,lrobinson@wolf.org,4,0.0063371356147021,0.0063371356147021,1024.0,0.146396484375,0,1.0
14.439552098208878,0.9999549969291542,948,949,,Sarah,-1,,0.0024067388688327,1.0,1.0,Pearson,Pearson,4,0.0036630036630036,0.0036630036630036,1024.0,0.2532714843749999,2011-01-07,2011-01-07,2,1024.0,London,London,1,0.2127921279212792,0.2127921279212792,1024.0,0.0043598152998554,sarahp77@humphrey.com,sarahp77@humphrey.com,4,0.0050697084917617,0.0050697084917617,1024.0,0.18299560546875,1,1.0
-1.8771079789311904,0.2139779113055794,974,975,Leon,Leon,4,0.0048134777376654,0.0048134777376654,1024.0,0.1927368164062499,Armstrong,Armstronog,3,0.0073260073260073,0.0012210012210012,8.0,1.0,1970-04-11,1980-04-08,0,0.03125,Salford,Salford,1,0.017220172201722,0.017220172201722,1024.0,0.0538748604910714,,l.armstrong@reyes-campbell.net,-1,,0.0063371356147021,1.0,1.0,0,0.0
2.4463418319036228,0.8449690131124867,978,979,Jessica,Jessica,4,0.01323706377858,0.01323706377858,1024.0,0.0700861150568181,Miller,Miller,4,0.0048840048840048,0.0048840048840048,1024.0,0.18995361328125,2001-05-23,2002-05-21,0,0.03125,,Coventry,-1,,0.025830258302583,1.0,1.0,jessica.miller@johnson.com,jessica.miller@johnson.com,4,0.0076045627376425,0.0076045627376425,1024.0,0.1219970703125,1,1.0
-0.5673288909797463,0.4029369980867966,993,994,Emma,Emma,4,0.0048134777376654,0.0048134777376654,1024.0,0.1927368164062499,Lloyd,Lloyd,4,0.0048840048840048,0.0048840048840048,1024.0,0.18995361328125,2028-03-13,2018-04-17,0,0.03125,London,London,1,0.2127921279212792,0.2127921279212792,1024.0,0.0043598152998554,emmallod@jimenez.com,emmalloyd@jimenez.com,2,0.0012674271229404,0.0038022813688212,1.259921049894873,1.0,0,0.0
14.90577345054092,0.9999674237615768,994,995,Emma,Emma,4,0.0048134777376654,0.0048134777376654,1024.0,0.1927368164062499,Lloyd,Lloyd,4,0.0048840048840048,0.0048840048840048,1024.0,0.18995361328125,2018-04-17,2018-04-17,2,1024.0,London,nLonon,0,0.2127921279212792,0.002460024600246,0.03125,1.0,emmalloyd@jimenez.com,emmalloyd@jimenez.com,4,0.0038022813688212,0.0038022813688212,1024.0,0.243994140625,1,1.0
14.90577345054092,0.9999674237615768,995,996,Emma,Emma,4,0.0048134777376654,0.0048134777376654,1024.0,0.1927368164062499,Lloyd,Lloyd,4,0.0048840048840048,0.0048840048840048,1024.0,0.18995361328125,2018-04-17,2018-04-17,2,1024.0,nLonon,London,0,0.002460024600246,0.2127921279212792,0.03125,1.0,emmalloyd@jimenez.com,emmalloyd@jimenez.com,4,0.0038022813688212,0.0038022813688212,1024.0,0.243994140625,1,1.0
13.13350012063479,0.9998887309988552,31,32,Lola,Lola,4,0.0096269554753309,0.0096269554753309,1024.0,0.0963684082031249,Brown,Brown,4,0.0085470085470085,0.0085470085470085,1024.0,0.1085449218749999,1983-11-06,1983-11-06,2,1024.0,,Bradford,-1,,0.011070110701107,1.0,1.0,lola.b@martinez-jones.net,lola.b@martinesz-jone.net,3,0.0038022813688212,0.0012674271229404,8.0,1.0,1,1.0
3.627075407715127,0.9251241885441862,286,287,Bailey,Bailey,4,0.0024067388688327,0.0024067388688327,1024.0,0.3854736328124999,Freddie,Freddie,4,0.0073260073260073,0.0073260073260073,1024.0,0.1266357421874999,1985-01-05,1986-02-04,0,0.03125,Huddersfield,Huddersfield,1,0.01230012300123,0.01230012300123,1024.0,0.0754248046875,,fbailey@schneider.biz,-1,,0.0025348542458808,1.0,1.0,0,1.0
0.9302469431264138,0.6558372586128839,353,355,Jayden,Jayden,4,0.0096269554753309,0.0096269554753309,1024.0,0.0963684082031249,Thomas,Thsomas,3,0.0048840048840048,0.0012210012210012,8.0,1.0,2010-02-12,2009-03-15,0,0.03125,Mansfield,Mansfield,1,0.009840098400984,0.009840098400984,1024.0,0.0942810058593749,j.t@pierce.bi,j.t@pierce.biz,3,0.0012674271229404,0.0038022813688212,8.0,1.0,0,1.0
10.488465743413403,0.999304407316062,757,759,Hnry,Henr,1,0.0024067388688327,0.0024067388688327,0.1984251314960249,1.0,Day,Day,4,0.0048840048840048,0.0048840048840048,1024.0,0.18995361328125,2002-09-15,2002-09-15,2,1024.0,Leeds,Leeds,1,0.020910209102091,0.020910209102091,1024.0,0.0443675321691176,hday48@thomas-carter.com,hday48@thtomas-acrter.com,3,0.0038022813688212,0.0012674271229404,8.0,1.0,1,1.0
0.8217990767467385,0.6386772674372905,757,761,Hnry,Henry,3,0.0024067388688327,0.0108303249097472,8.0,1.0,Day,Day,4,0.0048840048840048,0.0048840048840048,1024.0,0.18995361328125,2002-09-15,2002-08-18,0,0.03125,Leeds,Leeds,1,0.020910209102091,0.020910209102091,1024.0,0.0443675321691176,hday48@thomas-carter.com,hday48@thomas-carter.mc,3,0.0038022813688212,0.0012674271229404,8.0,1.0,1,1.0
3.1754627019748893,0.9003449297154639,374,379,Eliza,Ezia,1,0.0060168471720818,0.0012033694344163,0.1984251314960249,1.0,Taylor,Taylor,4,0.017094017094017,0.017094017094017,1024.0,0.0542724609374999,1983-01-12,1983-01-12,2,1024.0,,Glasgow,-1,,0.008610086100861,1.0,1.0,elizataylor@marsahmll.com,elizataylor@marshall.com,3,0.0012674271229404,0.0063371356147021,8.0,1.0,1,1.0
2.508796035308223,0.850555540609615,617,622,,Olvilia,-1,,0.0012033694344163,1.0,1.0,Davies,Davies,4,0.017094017094017,0.017094017094017,1024.0,0.0542724609374999,2000-01-09,2000-01-09,2,1024.0,,Birmingham,-1,,0.04920049200492,1.0,1.0,,od@holl.wayoinfo,-1,,0.0012674271229404,1.0,1.0,1,1.0
1.0993377756869207,0.6817884226124283,554,556,Clark,Clark,4,0.0024067388688327,0.0024067388688327,1024.0,0.3854736328124999,Violet,Violet,4,0.0024420024420024,0.0024420024420024,1024.0,0.3799072265625,2020-02-11,2030-02-08,0,0.03125,London,London,1,0.2127921279212792,0.2127921279212792,1024.0,0.0043598152998554,,v.clark@campbell.com,-1,,0.0050697084917617,1.0,1.0,0,1.0
5.355892541971238,0.9761637266629528,51,53,Jayden,Jayden,4,0.0096269554753309,0.0096269554753309,1024.0,0.0963684082031249,Bennett,Bennett,4,0.0073260073260073,0.0073260073260073,1024.0,0.1266357421874999,2017-01-11,2017-01-11,2,1024.0,Swansea,Swwanea,0,0.015990159901599,0.001230012300123,0.03125,1.0,,jb88@king.com,-1,,0.0050697084917617,1.0,1.0,1,1.0
12.90577345054092,0.9998697077795982,53,54,Jayden,Jayden,4,0.0096269554753309,0.0096269554753309,1024.0,0.0963684082031249,Bennett,Bennett,4,0.0073260073260073,0.0073260073260073,1024.0,0.1266357421874999,2017-01-11,2017-01-11,2,1024.0,Swwanea,Swansea,0,0.001230012300123,0.015990159901599,0.03125,1.0,jb88@king.com,jb88@king.com,4,0.0050697084917617,0.0050697084917617,1024.0,0.18299560546875,1,1.0
-1.268811543355329,0.293286968321954,55,57,,Jayaned,-1,,0.0012033694344163,1.0,1.0,Bennett,Bennett,4,0.0073260073260073,0.0073260073260073,1024.0,0.1266357421874999,2017-01-11,2017-01-11,2,1024.0,Swansea,swansea,0,0.015990159901599,0.001230012300123,0.03125,1.0,,8jb88@king.com,-1,,0.0012674271229404,1.0,1.0,1,0.0
5.107527305552594,0.9718120585349522,138,139,,James,-1,,0.0156438026474127,1.0,1.0,Campbell,Campbell,4,0.0158730158730158,0.0158730158730158,1024.0,0.058447265625,2011-10-10,2011-10-10,2,1024.0,London,London,1,0.2127921279212792,0.2127921279212792,1024.0,0.0043598152998554,jc@herring.info,joc@hrning.irfo,2,0.0050697084917617,0.0012674271229404,1.259921049894873,1.0,1,1.0
7.033964447083876,0.992427063556336,254,257,Sofia,Sofia,4,0.003610108303249,0.003610108303249,1024.0,0.256982421875,Russell,Russell,4,0.0122100122100122,0.0122100122100122,1024.0,0.0759814453124999,2015-09-03,2014-09-03,1,8.0,,London,-1,,0.2127921279212792,1.0,1.0,sofiarussell9@revira.com,sofiarussell9@rivera.com,3,0.0012674271229404,0.0038022813688212,8.0,1.0,1,1.0
8.355892541971238,0.9969569987494936,650,651,Maddison,Maddison,4,0.003610108303249,0.003610108303249,1024.0,0.256982421875,Jarvis,Jarvis,4,0.0024420024420024,0.0024420024420024,1024.0,0.3799072265625,1974-04-10,1974-04-10,2,1024.0,Southend-on-Sea,Sou-hend-ontSea,0,0.017220172201722,0.001230012300123,0.03125,1.0,,maddison.jarvis@patterson-miller.biz,-1,,0.0038022813688212,1.0,1.0,1,1.0
19.40468298637868,0.9999985591865996,686,687,Rosie,Rosie,4,0.0060168471720818,0.0060168471720818,1024.0,0.154189453125,Johnston,Johnston,4,0.0024420024420024,0.0024420024420024,1024.0,0.3799072265625,1978-11-23,1978-11-23,2,1024.0,Sheffield,Sheffield,1,0.008610086100861,0.008610086100861,1024.0,0.1077497209821428,,rosiej32@robinson-moran.net,-1,,0.0050697084917617,1.0,1.0,0,1.0
3.0434163095588818,0.8918265238190182,979,981,Jessica,Jessica,4,0.01323706377858,0.01323706377858,1024.0,0.0700861150568181,Miller,Miiller,3,0.0048840048840048,0.0012210012210012,8.0,1.0,2002-05-21,2001-05-23,0,0.03125,Coventry,Coventry,1,0.025830258302583,0.025830258302583,1024.0,0.0359165736607142,jessica.miller@johnson.com,jessica.miller@johnson.com,4,0.0076045627376425,0.0076045627376425,1024.0,0.1219970703125,0,1.0
9.608318848239051,0.9987204661827942,550,552,Riley,Riley,4,0.0060168471720818,0.0060168471720818,1024.0,0.154189453125,,Kiing,-1,,0.0012210012210012,1.0,1.0,1984-04-19,1984-04-19,2,1024.0,Aberdeen,Aberdeen,1,0.019680196801968,0.019680196801968,1024.0,0.0471405029296874,,riley.k@zavala.com,-1,,0.0063371356147021,1.0,1.0,0,1.0
12.446341831903624,0.999820856949802,424,425,Alfie,Alfie,4,0.01323706377858,0.01323706377858,1024.0,0.0700861150568181,Roberts,Roberts,4,0.0073260073260073,0.0073260073260073,1024.0,0.1266357421874999,1995-01-10,1995-01-10,2,1024.0,Lodon,London,0,0.009840098400984,0.2127921279212792,0.03125,1.0,ar20@miller-torres.org,ar20@miller-torres.org,4,0.0050697084917617,0.0050697084917617,1024.0,0.18299560546875,1,1.0
23.32729058936924,0.9999999049864,440,443,Campbell,Campbell,4,0.0024067388688327,0.0024067388688327,1024.0,0.3854736328124999,Jacob,Jacob,4,0.0024420024420024,0.0024420024420024,1024.0,0.3799072265625,1987-06-06,1987-06-06,2,1024.0,London,London,1,0.2127921279212792,0.2127921279212792,1024.0,0.0043598152998554,j.c65@ortiz.com,j.c65@ortiz.com,4,0.0063371356147021,0.0063371356147021,1024.0,0.146396484375,0,1.0
0.6494842906991602,0.6106839804224428,458,459,,Ellis,-1,,0.0012033694344163,1.0,1.0,Harvey,Harvey,4,0.0024420024420024,0.0024420024420024,1024.0,0.3799072265625,2004-02-19,2004-02-19,2,1024.0,Peterborough,Petberborough,0,0.009840098400984,0.001230012300123,0.03125,1.0,ellis.h@morris-davis.net,ellivs.h@morris-davis.net,2,0.0038022813688212,0.0012674271229404,1.259921049894873,1.0,1,1.0
20.90577345054092,0.9999994909799518,473,474,Scott,Scott,4,0.0024067388688327,0.0024067388688327,1024.0,0.3854736328124999,Caleb,Caleb,4,0.0036630036630036,0.0036630036630036,1024.0,0.2532714843749999,1990-12-11,1990-12-11,2,1024.0,,Bristo,-1,,0.002460024600246,1.0,1.0,c.scott@brooks.com,c.scott@brooks.com,4,0.0050697084917617,0.0050697084917617,1024.0,0.18299560546875,1,1.0
1.3558925419712384,0.719065941668411,676,677,Anna,Anna,4,0.003610108303249,0.003610108303249,1024.0,0.256982421875,Williamson,Williamson,4,0.0024420024420024,0.0024420024420024,1024.0,0.3799072265625,1984-04-20,1984-05-18,0,0.03125,,Sheffield,-1,,0.008610086100861,1.0,1.0,anna.w16@brandt-wyatt.org,anna.w16@bd.andt-wyattrorg,3,0.0012674271229404,0.0012674271229404,8.0,1.0,1,1.0
16.967289730237084,0.9999921957089628,748,749,,Ella,-1,,0.0024067388688327,1.0,1.0,Young,Young,4,0.0036630036630036,0.0036630036630036,1024.0,0.2532714843749999,1991-05-13,1991-05-13,2,1024.0,Birmingham,Birmingham,1,0.04920049200492,0.04920049200492,1024.0,0.018856201171875,ellayoung47@cook.com,ellayoung47@cook.com,4,0.0038022813688212,0.0038022813688212,1024.0,0.243994140625,1,1.0
-1.675700582724078,0.2383935388557174,835,836,Charlotte,Chartotle,3,0.0072202166064981,0.0012033694344163,8.0,1.0,Harper,Harper,4,0.0048840048840048,0.0048840048840048,1024.0,0.18995361328125,2019-02-14,2028-01-10,0,0.03125,Plymouth,Plymouth,1,0.014760147601476,0.014760147601476,1024.0,0.06285400390625,,charper@miller.biz,-1,,0.0050697084917617,1.0,1.0,1,0.0
-0.6441074580287616,0.3902024598329188,914,915,Darcy,Darcy,4,0.0072202166064981,0.0072202166064981,1024.0,0.1284912109375,Rhodes,Rhodes,4,0.0048840048840048,0.0048840048840048,1024.0,0.18995361328125,1979-01-14,1979-01-13,1,8.0,Birmngham,Birminghma,0,0.001230012300123,0.001230012300123,0.03125,1.0,,drhodes16@johnson-robinson.com,-1,,0.0038022813688212,1.0,1.0,1,0.0
6.355892541971238,0.9879381080547924,914,917,Darcy,Darcy,4,0.0072202166064981,0.0072202166064981,1024.0,0.1284912109375,Rhodes,Rhodes,4,0.0048840048840048,0.0048840048840048,1024.0,0.18995361328125,1979-01-14,1979-01-14,2,1024.0,Birmngham,Birmingham,0,0.001230012300123,0.04920049200492,0.03125,1.0,,drhodes16@johnson-robinson.com,-1,,0.0038022813688212,1.0,1.0,1,1.0
2.64948429069916,0.8625321753797565,929,931,Luke,Lukue,3,0.0060168471720818,0.0012033694344163,8.0,1.0,Robinson,Robinson,4,0.0048840048840048,0.0048840048840048,1024.0,0.18995361328125,1971-11-18,1971-11-18,2,1024.0,Coventry,Covetry,0,0.025830258302583,0.001230012300123,0.03125,1.0,lrobinson@wolf.org,lrobinsl.n@woof.org,2,0.0063371356147021,0.0012674271229404,1.259921049894873,1.0,1,1.0
4.850771231616486,0.9665052623749544,302,303,Charlie,Charlie,4,0.0072202166064981,0.0072202166064981,1024.0,0.1284912109375,Andrews,Andresw,3,0.0048840048840048,0.0024420024420024,8.0,1.0,2023-11-01,2013-12-05,0,0.03125,Liverpool,Liverpool,1,0.040590405904059,0.040590405904059,1024.0,0.0228560014204545,candrews15@thompson.net,candrews15@thompson.net,4,0.0025348542458808,0.0025348542458808,1024.0,0.3659912109375,0,1.0
8.064521789978004,0.9962785019173472,663,665,Imgen,Imogen,3,0.0012033694344163,0.0024067388688327,8.0,1.0,Wilkinson,Wilkinson,4,0.0036630036630036,0.0036630036630036,1024.0,0.2532714843749999,2001-09-18,2001-09-18,2,1024.0,,Lodon,-1,,0.009840098400984,1.0,1.0,iwilkinsmn@bush.co,iwilkinson@bush.com,2,0.0012674271229404,0.0076045627376425,1.259921049894873,1.0,1,1.0
21.89516535097494,0.9999997436116084,665,666,Imogen,Imogen,4,0.0024067388688327,0.0024067388688327,1024.0,0.3854736328124999,Wilkinson,Wilikinson,3,0.0036630036630036,0.0012210012210012,8.0,1.0,2001-09-18,2001-09-18,2,1024.0,Lodon,Lodon,1,0.009840098400984,0.009840098400984,1024.0,0.0942810058593749,iwilkinson@bush.com,iwilkinson@bush.com,4,0.0076045627376425,0.0076045627376425,1024.0,0.1219970703125,0,1.0
20.786717484595265,0.9999994471920428,757,760,Hnry,Henry,3,0.0024067388688327,0.0108303249097472,8.0,1.0,Day,Day,4,0.0048840048840048,0.0048840048840048,1024.0,0.18995361328125,2002-09-15,2002-09-15,2,1024.0,Leeds,Leeds,1,0.020910209102091,0.020910209102091,1024.0,0.0443675321691176,hday48@thomas-carter.com,hday48@thomas-carter.com,4,0.0038022813688212,0.0038022813688212,1024.0,0.243994140625,1,1.0
7.199365199268842,0.9932418143189382,1,2,Robert,Rob,2,0.003610108303249,0.0012033694344163,1.259921049894873,1.0,Allen,Allen,4,0.0024420024420024,0.0024420024420024,1024.0,0.3799072265625,1971-05-24,1971-06-24,1,8.0,,London,-1,,0.2127921279212792,1.0,1.0,roberta25@smith.net,roberta25@smith.net,4,0.0025348542458808,0.0025348542458808,1024.0,0.3659912109375,1,1.0
4.064521789978004,0.9436041844681268,575,578,Jessica,Jesisia,2,0.01323706377858,0.0012033694344163,1.259921049894873,1.0,Owen,Owen,4,0.0073260073260073,0.0073260073260073,1024.0,0.1266357421874999,1974-11-17,1974-11-17,2,1024.0,,Walsall,-1,,0.003690036900369,1.0,1.0,,jessica.owen@elliott.og,-1,,0.0012674271229404,1.0,1.0,1,1.0
-0.3505157093008398,0.439557287051315,706,709,,Maya,-1,,0.0048134777376654,1.0,1.0,Curtis,Curtis,4,0.0048840048840048,0.0048840048840048,1024.0,0.18995361328125,2014-08-28,2014-08-28,2,1024.0,Newcastle-pon-Tyne,Newcastle-upon-Tyne,0,0.001230012300123,0.022140221402214,0.03125,1.0,mcurtis53@simpson.com,micurtis53@simpson.com,2,0.0038022813688212,0.0012674271229404,1.259921049894873,1.0,1,0.0
14.583845355653558,0.9999592800335968,807,808,Elliott,Elliott,4,0.0048134777376654,0.0048134777376654,1024.0,0.1927368164062499,Byrne,Byrne,4,0.0036630036630036,0.0036630036630036,1024.0,0.2532714843749999,2002-01-31,2002-01-31,2,1024.0,Stoke-oneTr-nt,Stokeno--Trent,0,0.001230012300123,0.001230012300123,0.03125,1.0,e.b30@little.biz,e.b30@little.biz,4,0.0063371356147021,0.0063371356147021,1024.0,0.146396484375,1,1.0
6.355892541971238,0.9879381080547924,914,916,Darcy,Darcy,4,0.0072202166064981,0.0072202166064981,1024.0,0.1284912109375,Rhodes,Rhodes,4,0.0048840048840048,0.0048840048840048,1024.0,0.18995361328125,1979-01-14,1979-01-14,2,1024.0,Birmngham,Birminigham,0,0.001230012300123,0.001230012300123,0.03125,1.0,,drodes16@johnson-robinson.com,-1,,0.0012674271229404,1.0,1.0,1,1.0
10.13350012063479,0.9991105407755168,31,34,Lola,Lola,4,0.0096269554753309,0.0096269554753309,1024.0,0.0963684082031249,Brown,Brown,4,0.0085470085470085,0.0085470085470085,1024.0,0.1085449218749999,1983-11-06,1983-11-06,2,1024.0,,Bradfofrd,-1,,0.001230012300123,1.0,1.0,lola.b@martinez-jones.net,,-1,0.0038022813688212,,1.0,1.0,1,1.0
6.6882637934320845,0.9903962473642068,110,111,Oliver,Oliver,4,0.0336943441636582,0.0336943441636582,1024.0,0.0275338309151785,Atkinnos,Atkinson,3,0.0012210012210012,0.0085470085470085,8.0,1.0,2009-12-21,2009-12-21,2,1024.0,London,London,1,0.2127921279212792,0.2127921279212792,1024.0,0.0043598152998554,oliver.atkinson@moran-smith.com,,-1,0.0063371356147021,,1.0,1.0,0,1.0
9.311498422612786,0.9984286363629123,165,170,Elizabeth,Elizabeth,4,0.01323706377858,0.01323706377858,1024.0,0.0700861150568181,Wright,Wright,4,0.0109890109890109,0.0109890109890109,1024.0,0.0844238281249999,1994-02-01,1994-02-01,2,1024.0,,Swansea,-1,,0.015990159901599,1.0,1.0,,,-1,,,1.0,1.0,1,1.0
12.355892541971238,0.9998092682998414,385,387,Lottie,Lottie,4,0.003610108303249,0.003610108303249,1024.0,0.256982421875,Davis,Davis,4,0.0048840048840048,0.0048840048840048,1024.0,0.18995361328125,1972-06-12,1972-06-12,2,1024.0,,Stockton-onsTee-,-1,,0.001230012300123,1.0,1.0,lottie.d7@morgan-pierce.com,,-1,0.0050697084917617,,1.0,1.0,1,1.0
-0.4912039646917771,0.4156936993794046,392,393,Iaac,Isaac,3,0.0012033694344163,0.0060168471720818,8.0,1.0,James,James,4,0.0085470085470085,0.0085470085470085,1024.0,0.1085449218749999,1991-06-06,1991-05-06,1,8.0,,London,-1,,0.2127921279212792,1.0,1.0,isaac.james@smith.com,,-1,0.0025348542458808,,1.0,1.0,1,0.0
18.533966003323645,0.9999973653729276,466,470,Dixon,Dixon,4,0.0048134777376654,0.0048134777376654,1024.0,0.1927368164062499,Amber,Amber,4,0.0024420024420024,0.0024420024420024,1024.0,0.3799072265625,1995-06-21,1995-06-21,2,1024.0,Aberdeen,Aberdeen,1,0.019680196801968,0.019680196801968,1024.0,0.0471405029296874,ad29@jones.biz,,-1,0.0038022813688212,,1.0,1.0,0,1.0
12.141648580544883,0.9997787397097884,493,495,Harrison,Harrison,4,0.0084235860409145,0.0084235860409145,1024.0,0.1101353236607142,Norman,Norman,4,0.0036630036630036,0.0036630036630036,1024.0,0.2532714843749999,1983-10-18,1982-10-18,1,8.0,Milton,Milton,1,0.004920049200492,0.004920049200492,1024.0,0.1885620117187499,hn@martinz-reynolds.com,,-1,0.0012674271229404,,1.0,1.0,0,1.0
0.9909660839425884,0.6652736989196663,582,583,ilivOa,Olivia,1,0.0012033694344163,0.0168471720818291,0.1984251314960249,1.0,Edwards,Edwards,4,0.0097680097680097,0.0097680097680097,1024.0,0.094976806640625,1988-12-27,1988-11-27,1,8.0,Dudley,Dudley,1,0.007380073800738,0.007380073800738,1024.0,0.1257080078125,oe56@lopez.net,,-1,0.0038022813688212,,1.0,1.0,1,1.0
1.971723579102573,0.7968455979314489,606,607,Amelia,Amelia,4,0.0108303249097472,0.0108303249097472,1024.0,0.0856608072916666,Porter,Porter,4,0.0036630036630036,0.0036630036630036,1024.0,0.2532714843749999,2013-08-07,2014-08-06,0,0.03125,Portsmouth,Portsmouth,1,0.017220172201722,0.017220172201722,1024.0,0.0538748604910714,ameiiap@nlcholson.orrg,,-1,0.0012674271229404,,1.0,1.0,0,1.0
1.971723579102573,0.7968455979314489,607,609,Amelia,Amelia,4,0.0108303249097472,0.0108303249097472,1024.0,0.0856608072916666,Porter,Porter,4,0.0036630036630036,0.0036630036630036,1024.0,0.2532714843749999,2014-08-06,2013-08-07,0,0.03125,Portsmouth,Portsmouth,1,0.017220172201722,0.017220172201722,1024.0,0.0538748604910714,,,-1,,,1.0,1.0,0,1.0
14.930246943126416,0.9999679716978064,776,777,Eva,Eva,4,0.0024067388688327,0.0024067388688327,1024.0,0.3854736328124999,Armstrong,Armstorogn,3,0.0073260073260073,0.0012210012210012,8.0,1.0,2017-04-23,2017-04-23,2,1024.0,Peterborough,Peterborough,1,0.009840098400984,0.009840098400984,1024.0,0.0942810058593749,er.armstrong16@odonnelloinf.,,-1,0.0012674271229404,,1.0,1.0,0,1.0
3.731188456644671,0.9299722242065408,856,860,,Theodore,-1,,0.0120336943441636,1.0,1.0,Marshall,Marshall,4,0.0073260073260073,0.0073260073260073,1024.0,0.1266357421874999,1972-07-25,1972-07-25,2,1024.0,,Birmingham,-1,,0.04920049200492,1.0,1.0,theodore.m@taylor.com,,-1,0.0025348542458808,,1.0,1.0,1,1.0
5.141648580544885,0.9724527618122256,879,880,Leo,Leo,4,0.003610108303249,0.003610108303249,1024.0,0.256982421875,Webster,Webster,4,0.0024420024420024,0.0024420024420024,1024.0,0.3799072265625,2014-04-08,2013-05-08,0,0.03125,Sheffield,Sheffield,1,0.008610086100861,0.008610086100861,1024.0,0.1077497209821428,leo.webster54@moore.biez,,-1,0.0012674271229404,,1.0,1.0,0,1.0
0.2749855149057182,0.5475076145914934,911,912,Teddy,Teddy,4,0.0024067388688327,0.0024067388688327,1024.0,0.3854736328124999,Mawxell,Maxlewl,1,0.0012210012210012,0.0012210012210012,0.1984251314960249,1.0,2011-11-15,2001-11-15,1,8.0,Birmingham,Birmingham,1,0.04920049200492,0.04920049200492,1024.0,0.018856201171875,,,-1,,,1.0,1.0,0,1.0
16.556686079823727,0.9999896262361866,204,205,Isla,Isla,4,0.0108303249097472,0.0108303249097472,1024.0,0.0856608072916666,Payne,Payne,4,0.0085470085470085,0.0085470085470085,1024.0,0.1085449218749999,1997-02-28,1997-02-28,2,1024.0,Mansfield,Mansfield,1,0.009840098400984,0.009840098400984,1024.0,0.0942810058593749,islaabpayne@.utler.org,,-1,0.0012674271229404,,1.0,1.0,0,1.0
-1.1990360738185526,0.3034107402137555,594,596,Grace,Grace,4,0.0060168471720818,0.0060168471720818,1024.0,0.154189453125,Kik,Kirk,3,0.0012210012210012,0.0012210012210012,8.0,1.0,2020-05-12,2010-04-15,0,0.03125,Edinburgh,Edinburgh,1,0.008610086100861,0.008610086100861,1024.0,0.1077497209821428,gk@frey-robinson.org,,-1,0.0012674271229404,,1.0,1.0,0,0.0
4.033964447083876,0.9424663966989072,254,256,Sofia,Sofia,4,0.003610108303249,0.003610108303249,1024.0,0.256982421875,Russell,Russell,4,0.0122100122100122,0.0122100122100122,1024.0,0.0759814453124999,2015-09-03,2014-09-03,1,8.0,,London,-1,,0.2127921279212792,1.0,1.0,sofiarussell9@revira.com,,-1,0.0012674271229404,,1.0,1.0,1,1.0
1.9490035026024892,0.7942842907859401,359,361,Mohammed,Mohammed,4,0.0048134777376654,0.0048134777376654,1024.0,0.1927368164062499,Fox,Fox,4,0.0097680097680097,0.0097680097680097,1024.0,0.094976806640625,1999-04-17,2000-04-18,0,0.03125,Cardiff,Cardiff,1,0.014760147601476,0.014760147601476,1024.0,0.06285400390625,,,-1,,,1.0,1.0,0,1.0
13.800963926181447,0.9999299407535576,685,686,Rosie,Rosie,4,0.0060168471720818,0.0060168471720818,1024.0,0.154189453125,Johnoston,Johnston,3,0.0012210012210012,0.0024420024420024,8.0,1.0,1978-11-23,1978-11-23,2,1024.0,Sheffield,Sheffield,1,0.008610086100861,0.008610086100861,1024.0,0.1077497209821428,rosiej32@robinson-moran.net,,-1,0.0050697084917617,,1.0,1.0,0,1.0
6.88585282376796,0.9916151574680424,579,580,Jessica,Jessica,4,0.01323706377858,0.01323706377858,1024.0,0.0700861150568181,Owen,Owe,3,0.0073260073260073,0.0012210012210012,8.0,1.0,1974-11-17,1974-12-17,1,8.0,Walsall,Walsall,1,0.003690036900369,0.003690036900369,1024.0,0.251416015625,jessica.owen@elliott.org,,-1,0.0025348542458808,,1.0,1.0,0,1.0
2.502847928196179,0.8500307159096737,68,70,Reggie,Reggie,4,0.0048134777376654,0.0048134777376654,1024.0,0.1927368164062499,,,-1,,,1.0,1.0,1996-08-05,1986-09-09,0,0.03125,Coventry,Coventry,1,0.025830258302583,0.025830258302583,1024.0,0.0359165736607142,r.m51@leonard.net,r.m51@leonard.net,4,0.0038022813688212,0.0038022813688212,1024.0,0.243994140625,0,1.0
9.356689680851227,0.9984770213312428,88,89,Lexi,Lexi,4,0.003610108303249,0.003610108303249,1024.0,0.256982421875,,,-1,,,1.0,1.0,1994-09-02,1994-09-02,2,1024.0,Birmingham,Birmingham,1,0.04920049200492,0.04920049200492,1024.0,0.018856201171875,l.gordon34cfren@h.com,l.gordon34@french.com,2,0.0012674271229404,0.0025348542458808,1.259921049894873,1.0,0,1.0
16.435733732337642,0.9999887190351368,101,102,Alfie,Alfie,4,0.01323706377858,0.01323706377858,1024.0,0.0700861150568181,Griffiths,,-1,0.0036630036630036,,1.0,1.0,2008-05-07,2008-05-07,2,1024.0,Plymouth,Plymouth,1,0.014760147601476,0.014760147601476,1024.0,0.06285400390625,a.griffiths@garner-bridges.com,a.griffiths@garner-bridges.com,4,0.0050697084917617,0.0050697084917617,1024.0,0.18299560546875,0,1.0
8.910656214768533,0.9979264060698376,121,122,Dylan,Dylan,4,0.0072202166064981,0.0072202166064981,1024.0,0.1284912109375,,,-1,,,1.0,1.0,1985-10-15,1985-10-15,2,1024.0,London,London,1,0.2127921279212792,0.2127921279212792,1024.0,0.0043598152998554,dmacdonald@rivers-glass.bi,dmacdonald@rivers-glass.biz,3,0.0012674271229404,0.0025348542458808,8.0,1.0,0,1.0
10.573237256087577,0.9993440760676932,129,131,Matilda,Matilda,4,0.0060168471720818,0.0060168471720818,1024.0,0.154189453125,Barker,,-1,0.0036630036630036,,1.0,1.0,1990-03-08,1990-03-07,1,8.0,Reading,Reading,1,0.014760147601476,0.014760147601476,1024.0,0.06285400390625,m.b@bell-brown.com,m.b@bell-brown.com,4,0.0050697084917617,0.0050697084917617,1024.0,0.18299560546875,0,1.0
-1.2764284708279916,0.2921938518945934,239,241,Freya,Freya,4,0.0060168471720818,0.0060168471720818,1024.0,0.154189453125,Shah,,-1,0.0036630036630036,,1.0,1.0,1972-01-17,1970-12-17,0,0.03125,London,London,1,0.2127921279212792,0.2127921279212792,1024.0,0.0043598152998554,f.s@flynn.com,f.s@flynn.com,4,0.0050697084917617,0.0050697084917617,1024.0,0.18299560546875,0,0.0
16.765882334029975,0.9999910264845164,244,245,Joshua,Joshua,4,0.0060168471720818,0.0060168471720818,1024.0,0.154189453125,Williams,,-1,0.0097680097680097,,1.0,1.0,2002-08-08,2002-08-08,2,1024.0,Portsmouth,Portsmouth,1,0.017220172201722,0.017220172201722,1024.0,0.0538748604910714,j.williams@levine-johnson.com,j.williams@levine-johnson.com,4,0.0076045627376425,0.0076045627376425,1024.0,0.1219970703125,0,1.0
1.765882334029973,0.7727695819304168,245,246,Joshua,Joshua,4,0.0060168471720818,0.0060168471720818,1024.0,0.154189453125,,,-1,,,1.0,1.0,2002-08-08,2002-09-09,0,0.03125,Portsmouth,Portsmouth,1,0.017220172201722,0.017220172201722,1024.0,0.0538748604910714,j.williams@levine-johnson.com,j.williams@levine-johnson.com,4,0.0076045627376425,0.0076045627376425,1024.0,0.1219970703125,0,1.0
18.89516535097494,0.999997948896548,467,468,Amber,Amber,4,0.0024067388688327,0.0024067388688327,1024.0,0.3854736328124999,Dixon,,-1,0.0109890109890109,,1.0,1.0,1995-06-21,1995-06-21,2,1024.0,Aberdeen,Aberdeen,1,0.019680196801968,0.019680196801968,1024.0,0.0471405029296874,ad29@jones.biz,ad29@jones.biz,4,0.0038022813688212,0.0038022813688212,1024.0,0.243994140625,0,1.0
2.023356347517895,0.80257772598742,486,487,Hannah,Hannah,4,0.003610108303249,0.003610108303249,1024.0,0.256982421875,Davies,,-1,0.017094017094017,,1.0,1.0,1993-07-24,1992-07-24,1,8.0,Birmingham,Birmingham,1,0.04920049200492,0.04920049200492,1024.0,0.018856201171875,,hannahd14@cardenas.com,-1,,0.0025348542458808,1.0,1.0,0,1.0
-0.9545003759406292,0.3403782098117699,502,503,Finley,Finley,4,0.0048134777376654,0.0048134777376654,1024.0,0.1927368164062499,Jones,,-1,0.028083028083028,,1.0,1.0,1972-04-09,1973-04-10,0,0.03125,London,London,1,0.2127921279212792,0.2127921279212792,1024.0,0.0043598152998554,f.j@sharp.com,f.j@sharp.com,4,0.0050697084917617,0.0050697084917617,1024.0,0.18299560546875,0,0.0
-1.5616061532032608,0.2530477788055519,632,634,Mason,Mason,4,0.0108303249097472,0.0108303249097472,1024.0,0.0856608072916666,hugHes,,-1,0.0012210012210012,,1.0,1.0,2000-01-26,1999-12-26,0,0.03125,Bolton,Bolton,1,0.006150061500615,0.006150061500615,1024.0,0.150849609375,mh@wade.com,mh@waoe.cadm,3,0.0012674271229404,0.0012674271229404,8.0,1.0,0,0.0
5.910656214768533,0.9836485918239046,762,764,Arabella,Arabella,4,0.0072202166064981,0.0072202166064981,1024.0,0.1284912109375,Marrtin,,-1,0.0012210012210012,,1.0,1.0,1984-04-14,1984-04-14,2,1024.0,London,London,1,0.2127921279212792,0.2127921279212792,1024.0,0.0043598152998554,,amartin@navarro.com,-1,,0.0025348542458808,1.0,1.0,0,1.0
10.023356347517897,0.9990400425625946,822,823,Noah,Noah,4,0.0072202166064981,0.0072202166064981,1024.0,0.1284912109375,RogeRrs,,-1,0.0012210012210012,,1.0,1.0,2011-04-07,2011-04-07,2,1024.0,Swindon,Swindon,1,0.01230012300123,0.01230012300123,1024.0,0.0754248046875,,noahr@hudsn-brohwn.net,-1,,0.0012674271229404,1.0,1.0,0,1.0
5.910656214768533,0.9836485918239046,848,853,Michael,Michael,4,0.0072202166064981,0.0072202166064981,1024.0,0.1284912109375,Wells,,-1,0.0036630036630036,,1.0,1.0,2000-04-03,2000-04-03,2,1024.0,London,London,1,0.2127921279212792,0.2127921279212792,1024.0,0.0043598152998554,,m@w.cannon.com,-1,,0.0012674271229404,1.0,1.0,0,1.0
1.4439542391426103,0.7312301488247821,928,933,Luke,Luke,4,0.0060168471720818,0.0060168471720818,1024.0,0.154189453125,,,-1,,,1.0,1.0,1972-10-20,1971-11-18,0,0.03125,Coventry,Coventry,1,0.025830258302583,0.025830258302583,1024.0,0.0359165736607142,lrobinson@wolf.org,lrobinson@wolf.org,4,0.0063371356147021,0.0063371356147021,1024.0,0.146396484375,0,1.0
6.495618715489689,0.9890393203670814,599,600,Toby,Toby,4,0.0048134777376654,0.0048134777376654,1024.0,0.1927368164062499,Haall,,-1,0.0012210012210012,,1.0,1.0,2003-04-23,2003-04-23,2,1024.0,London,London,1,0.2127921279212792,0.2127921279212792,1024.0,0.0043598152998554,,toby.d@menhez.com,-1,,0.0012674271229404,1.0,1.0,0,1.0
10.13429725951478,0.999111031659967,798,799,Arlo,Arlo,4,0.0060168471720818,0.0060168471720818,1024.0,0.154189453125,West,,-1,0.0048840048840048,,1.0,1.0,2007-02-17,2007-02-17,2,1024.0,Southend-on-Sea,Southend-on-Sea,1,0.017220172201722,0.017220172201722,1024.0,0.0538748604910714,aw@thompson.com,awt.thompson@com,2,0.0050697084917617,0.0012674271229404,1.259921049894873,1.0,0,1.0
-1.0561193639920323,0.3247458725056845,872,878,Freddie,Freddie,4,0.0180505415162454,0.0180505415162454,1024.0,0.0513964843749999,Bradley,,-1,0.0061050061050061,,1.0,1.0,2020-05-20,2019-05-23,0,0.03125,Liverpool,Liverpool,1,0.040590405904059,0.040590405904059,1024.0,0.0228560014204545,fb@nelson.com,fb@nelson.com,4,0.0076045627376425,0.0076045627376425,1024.0,0.1219970703125,0,0.0
9.608318848239051,0.9987204661827942,471,472,Caleb,Caleb,4,0.0060168471720818,0.0060168471720818,1024.0,0.154189453125,Sctot,,-1,0.0012210012210012,,1.0,1.0,1990-12-11,1990-12-11,2,1024.0,Bristol,Bristol,1,0.019680196801968,0.019680196801968,1024.0,0.0471405029296874,,c.scott@brooks.com,-1,,0.0050697084917617,1.0,1.0,0,1.0
9.67861777573859,0.998781245837676,63,66,Adam,Adam,4,0.0072202166064981,0.0072202166064981,1024.0,0.1284912109375,Jsneo,,-1,0.0012210012210012,,1.0,1.0,1982-10-12,1982-10-12,2,1024.0,Bristol,Bristol,1,0.019680196801968,0.019680196801968,1024.0,0.0471405029296874,ajones6@cortez-wilcox.com,ajones-@cortez6wilcox.com,2,0.0050697084917617,0.0012674271229404,1.259921049894873,1.0,0,1.0
6.910656214768533,0.9917569027883812,159,161,Holly,Holly,4,0.003610108303249,0.003610108303249,1024.0,0.256982421875,,,-1,,,1.0,1.0,1985-05-21,1985-05-21,2,1024.0,London,London,1,0.2127921279212792,0.2127921279212792,1024.0,0.0043598152998554,,hollythomson3@levine-jones.com,-1,,0.0063371356147021,1.0,1.0,0,1.0
4.731188456644671,0.9637156561554924,8,10,,,-1,,,1.0,1.0,Dean,Dean,4,0.0036630036630036,0.0036630036630036,1024.0,0.2532714843749999,2015-03-03,2015-03-03,2,1024.0,,Portsmouth,-1,,0.017220172201722,1.0,1.0,,evied56@harris-bailey.net,-1,,0.0025348542458808,1.0,1.0,1,1.0
8.779978901052111,0.9977302598843036,60,61,lola,,-1,0.0012033694344163,,1.0,1.0,King,King,4,0.0122100122100122,0.0122100122100122,1024.0,0.0759814453124999,1977-04-01,1977-04-01,2,1024.0,Southend-on-Sea,Southend-on-Sea,1,0.017220172201722,0.017220172201722,1024.0,0.0538748604910714,,lola.k63@bradle-barnes.info,-1,,0.0012674271229404,1.0,1.0,1,1.0
16.066825403788,0.9999854320885974,244,247,Joshua,,-1,0.0060168471720818,,1.0,1.0,Williams,Williams,4,0.0097680097680097,0.0097680097680097,1024.0,0.094976806640625,2002-08-08,2002-08-08,2,1024.0,Portsmouth,Portsmouth,1,0.017220172201722,0.017220172201722,1024.0,0.0538748604910714,j.williams@levine-johnson.com,j.williams@levine-johnson.com,4,0.0076045627376425,0.0076045627376425,1024.0,0.1219970703125,1,1.0
12.00237132238856,0.9997563197278816,514,516,Amelia,,-1,0.0108303249097472,,1.0,1.0,Morgan,Morgan,4,0.0146520146520146,0.0146520146520146,1024.0,0.0633178710937499,2011-05-26,2011-05-26,2,1024.0,Swindon,Swindon,1,0.01230012300123,0.01230012300123,1024.0,0.0754248046875,amelia.morgan92@davidson-taylor.com,amelia.morgan92@davidsn-taylor.com,3,0.0050697084917617,0.0012674271229404,8.0,1.0,1,1.0
12.696106864493196,0.9998493304241336,572,574,Mihael,,-1,0.0012033694344163,,1.0,1.0,Sutherland,Sutherland,4,0.0036630036630036,0.0036630036630036,1024.0,0.2532714843749999,1989-06-21,1989-06-21,2,1024.0,,Londno,-1,,0.003690036900369,1.0,1.0,michael.sutherland@hobbs.com,michael.sutherland@hobbs.com,4,0.0038022813688212,0.0038022813688212,1024.0,0.243994140625,1,1.0
2.508796035308223,0.850555540609615,617,619,,,-1,,,1.0,1.0,Davies,Davies,4,0.017094017094017,0.017094017094017,1024.0,0.0542724609374999,2000-01-09,2000-01-09,2,1024.0,,Birmingham,-1,,0.04920049200492,1.0,1.0,,od@holloway.info,-1,,0.0038022813688212,1.0,1.0,1,1.0
9.342469909878496,0.9984619592337928,723,724,Isaac,,-1,0.0060168471720818,,1.0,1.0,Jones,Jones,4,0.028083028083028,0.028083028083028,1024.0,0.0330354110054347,2008-02-23,2008-02-23,2,1024.0,,Belfast,-1,,0.011070110701107,1.0,1.0,isaac.jones54@bradford.net,isaac.jones54@bradford.net,4,0.0050697084917617,0.0050697084917617,1024.0,0.18299560546875,1,1.0
14.439552098208878,0.9999549969291542,947,948,Sarah,,-1,0.0024067388688327,,1.0,1.0,Pearson,Pearson,4,0.0036630036630036,0.0036630036630036,1024.0,0.2532714843749999,2011-01-07,2011-01-07,2,1024.0,London,London,1,0.2127921279212792,0.2127921279212792,1024.0,0.0043598152998554,sarahp77@humphrey.com,sarahp77@humphrey.com,4,0.0050697084917617,0.0050697084917617,1024.0,0.18299560546875,1,1.0
13.82179907674674,0.9999309451966728,196,197,Arthur,,-1,0.003610108303249,,1.0,1.0,Both,Both,4,0.0024420024420024,0.0024420024420024,1024.0,0.3799072265625,2007-09-13,2007-09-13,2,1024.0,Leeds,Leeds,1,0.020910209102091,0.020910209102091,1024.0,0.0443675321691176,arthurbooth25@romero-onovan.com,arthurbooth25@romero-donova.com,3,0.0012674271229404,0.0012674271229404,8.0,1.0,1,1.0
16.744897308900637,0.9999908950056332,200,202,George,,-1,0.0144404332129963,,1.0,1.0,Taylor,Taylor,4,0.017094017094017,0.017094017094017,1024.0,0.0542724609374999,1984-10-27,1984-10-27,2,1024.0,Huddersfield,Huddersfield,1,0.01230012300123,0.01230012300123,1024.0,0.0754248046875,g.t51@rodriguez.com,g.t51@rodriguez.com,4,0.0038022813688212,0.0038022813688212,1024.0,0.243994140625,1,1.0
16.967289730237084,0.9999921957089628,747,748,Ella,,-1,0.0024067388688327,,1.0,1.0,Young,Young,4,0.0036630036630036,0.0036630036630036,1024.0,0.2532714843749999,1991-05-13,1991-05-13,2,1024.0,Birmingham,Birmingham,1,0.04920049200492,0.04920049200492,1024.0,0.018856201171875,ellayoung47@cook.com,ellayoung47@cook.com,4,0.0038022813688212,0.0038022813688212,1024.0,0.243994140625,1,1.0
10.95914127032699,0.999497944584224,876,877,,,-1,,,1.0,1.0,Bradley,Bradley,4,0.0061050061050061,0.0061050061050061,1024.0,0.1519628906249999,2019-05-23,2019-05-23,2,1024.0,,Liverpool,-1,,0.040590405904059,1.0,1.0,fb@nelson.com,fb@nelson.com,4,0.0076045627376425,0.0076045627376425,1024.0,0.1219970703125,1,1.0
4.316150957365827,0.9521990173047302,97,98,nleaEor,,-1,0.0012033694344163,,1.0,1.0,Evans,Evans,4,0.0048840048840048,0.0048840048840048,1024.0,0.18995361328125,2008-08-27,2008-08-27,2,1024.0,,Bristol,-1,,0.019680196801968,1.0,1.0,,ee@day.com,-1,,0.0012674271229404,1.0,1.0,1,1.0
5.064521789978004,0.9709838988912723,130,133,Matilda,,-1,0.0060168471720818,,1.0,1.0,Barker,Barker,4,0.0036630036630036,0.0036630036630036,1024.0,0.2532714843749999,1990-03-08,1990-03-08,2,1024.0,,Reading,-1,,0.014760147601476,1.0,1.0,m.b@bell-brown.com,m.b-bell@brown.com,2,0.0050697084917617,0.0012674271229404,1.259921049894873,1.0,1,1.0
12.38065840915531,0.9998125139233984,171,173,,,-1,,,1.0,1.0,Russell,Russell,4,0.0122100122100122,0.0122100122100122,1024.0,0.0759814453124999,2011-06-08,2011-06-08,2,1024.0,London,London,1,0.2127921279212792,0.2127921279212792,1024.0,0.0043598152998554,leahrussell@charles.net,leahrussell@charles.net,4,0.0063371356147021,0.0063371356147021,1024.0,0.146396484375,1,1.0
11.466833453968125,0.9996468284043708,69,71,Reggie,Reggie,4,0.0048134777376654,0.0048134777376654,1024.0,0.1927368164062499,Mason,Mason,4,0.0085470085470085,0.0085470085470085,1024.0,0.1085449218749999,1986-09-09,1986-09-09,2,1024.0,Coventry,,-1,0.025830258302583,,1.0,1.0,r..m51@leonard.net,r.m51@leonard.net,2,0.0012674271229404,0.0038022813688212,1.259921049894873,1.0,1,1.0
11.52495166659999,0.9996607682456806,79,81,Ryan,Ryan,4,0.0060168471720818,0.0060168471720818,1024.0,0.154189453125,Cole,Cole,4,0.0061050061050061,0.0061050061050061,1024.0,0.1519628906249999,1987-05-25,1987-05-27,1,8.0,Brritsol,,-1,0.001230012300123,,1.0,1.0,r.cole1@ramirez-anthony.com,r.cole1@ramirez-anthony.com,4,0.0063371356147021,0.0063371356147021,1024.0,0.146396484375,1,1.0
18.52495166659999,0.9999973488595946,81,82,Ryan,Ryan,4,0.0060168471720818,0.0060168471720818,1024.0,0.154189453125,Cole,Cole,4,0.0061050061050061,0.0061050061050061,1024.0,0.1519628906249999,1987-05-27,1987-05-27,2,1024.0,,,-1,,,1.0,1.0,r.cole1@ramirez-anthony.com,r.cole1@ramirez-anthony.com,4,0.0063371356147021,0.0063371356147021,1024.0,0.146396484375,1,1.0
-0.777824323839216,0.3683860952899297,82,83,Ryan,Ran,3,0.0060168471720818,0.0012033694344163,8.0,1.0,Cole,Cole,4,0.0061050061050061,0.0061050061050061,1024.0,0.1519628906249999,1987-05-27,1988-06-27,0,0.03125,,,-1,,,1.0,1.0,r.cole1@ramirez-anthony.com,r.cole1@ramirez-anthony.com,4,0.0063371356147021,0.0063371356147021,1024.0,0.146396484375,1,0.0
10.261917260766197,0.9991862302687804,182,184,Freddie,Freddie,4,0.0180505415162454,0.0180505415162454,1024.0,0.0513964843749999,Holmes,Holmes,4,0.0061050061050061,0.0061050061050061,1024.0,0.1519628906249999,1993-10-02,1993-10-04,1,8.0,Kingston-upon-Hull,,-1,0.015990159901599,,1.0,1.0,fholmes@duncan.com,fholmes@duncan.com,4,0.0050697084917617,0.0050697084917617,1024.0,0.18299560546875,1,1.0
15.490735951262076,0.9999782822718906,234,235,Lucy,Lucy,4,0.0024067388688327,0.0024067388688327,1024.0,0.3854736328124999,Arnold,Arnold,4,0.0024420024420024,0.0024420024420024,1024.0,0.3799072265625,1976-05-03,1976-05-01,1,8.0,Stoke-on-Trent,,-1,0.007380073800738,,1.0,1.0,l.a1@shelton-vaughan.com,l.a1@shelton-vaughan.com,4,0.0025348542458808,0.0025348542458808,1024.0,0.3659912109375,1,1.0
1.3261451985771864,0.7148818860543072,260,261,Oliver,Oliver,4,0.0336943441636582,0.0336943441636582,1024.0,0.0275338309151785,Hughes,Hughes,4,0.0085470085470085,0.0085470085470085,1024.0,0.1085449218749999,1983-03-07,1983-02-07,1,8.0,Northampton,,-1,0.004920049200492,,1.0,1.0,,ohughes@page-kim.info,-1,,0.0063371356147021,1.0,1.0,1,1.0
9.731188456644672,0.998824805634558,328,329,Kai,KKai,3,0.0060168471720818,0.0012033694344163,8.0,1.0,Turner,Turner,4,0.0073260073260073,0.0073260073260073,1024.0,0.1266357421874999,2008-12-03,2008-12-03,2,1024.0,,,-1,,,1.0,1.0,k.t50@her.andezncodm,k.t50@hernandez.com,3,0.0012674271229404,0.0038022813688212,8.0,1.0,1,1.0
14.86603186593551,0.9999665139478848,384,385,Lotti,Lottie,3,0.0012033694344163,0.003610108303249,8.0,1.0,Davis,Davis,4,0.0048840048840048,0.0048840048840048,1024.0,0.18995361328125,1972-06-12,1972-06-12,2,1024.0,,,-1,,,1.0,1.0,lottie.d7@morgan-pierce.com,lottie.d7@morgan-pierce.com,4,0.0050697084917617,0.0050697084917617,1024.0,0.18299560546875,1,1.0
9.07049032310899,0.9981434643002944,398,400,James,James,4,0.0156438026474127,0.0156438026474127,1024.0,0.0593036358173076,Dixon,Dixon,4,0.0109890109890109,0.0109890109890109,1024.0,0.0844238281249999,1991-04-12,1991-04-12,2,1024.0,London,,-1,0.2127921279212792,,1.0,1.0,,james.d@merritot-scott.com,-1,,0.0012674271229404,1.0,1.0,1,1.0
12.07049032310899,0.9997675554386136,400,401,James,James,4,0.0156438026474127,0.0156438026474127,1024.0,0.0593036358173076,Dixon,Dixon,4,0.0109890109890109,0.0109890109890109,1024.0,0.0844238281249999,1991-04-12,1991-04-12,2,1024.0,,,-1,,,1.0,1.0,james.d@merritot-scott.com,james.d@merritt-scott.com,3,0.0012674271229404,0.0063371356147021,8.0,1.0,1,1.0
16.29844313679131,0.9999875927839498,401,403,James,James,4,0.0156438026474127,0.0156438026474127,1024.0,0.0593036358173076,Dixon,Dixon,4,0.0109890109890109,0.0109890109890109,1024.0,0.0844238281249999,1991-04-12,1991-04-12,2,1024.0,,,-1,,,1.0,1.0,james.d@merritt-scott.com,james.d@merritt-scott.com,4,0.0063371356147021,0.0063371356147021,1024.0,0.146396484375,1,1.0
3.583845355653558,0.923021921916202,533,537,Freddie,Freddie,4,0.0180505415162454,0.0180505415162454,1024.0,0.0513964843749999,Gregory,Gregory,4,0.0024420024420024,0.0024420024420024,1024.0,0.3799072265625,1974-02-28,1984-02-25,0,0.03125,London,,-1,0.2127921279212792,,1.0,1.0,freddiegregory71@jensen.info,freddiegregory71@jensen.info,4,0.0050697084917617,0.0050697084917617,1024.0,0.18299560546875,1,1.0
10.222175676160784,0.999163520946266,548,553,,Riley,-1,,0.0060168471720818,1.0,1.0,King,King,4,0.0122100122100122,0.0122100122100122,1024.0,0.0759814453124999,1984-04-19,1984-04-19,2,1024.0,Aberdeen,,-1,0.019680196801968,,1.0,1.0,riley.k@zavala.com,riley.k@zavala.com,4,0.0063371356147021,0.0063371356147021,1024.0,0.146396484375,1,1.0
4.168807856374714,0.9473297976271524,779,780,Harvey,Harvey,4,0.0048134777376654,0.0048134777376654,1024.0,0.1927368164062499,Robertson,Robertson,4,0.0061050061050061,0.0061050061050061,1024.0,0.1519628906249999,1996-03-25,1997-03-24,0,0.03125,Lnodon,,-1,0.002460024600246,,1.0,1.0,harveyrobertson32@chavez.com,harveyrobertson32@chavez.com,4,0.0050697084917617,0.0050697084917617,1024.0,0.18299560546875,1,1.0
4.355892541971238,0.9534373337655712,835,838,Charlotte,Charlotte,4,0.0072202166064981,0.0072202166064981,1024.0,0.1284912109375,Harper,Harper,4,0.0048840048840048,0.0048840048840048,1024.0,0.18995361328125,2019-02-14,2019-03-14,1,8.0,Plymouth,,-1,0.014760147601476,,1.0,1.0,,charpe@r@milleb.riz,-1,,0.0012674271229404,1.0,1.0,1,1.0
9.776490433595956,0.9988610930994776,843,844,Oliver,Oliver,4,0.0336943441636582,0.0336943441636582,1024.0,0.0275338309151785,Watson,Watson,4,0.0061050061050061,0.0061050061050061,1024.0,0.1519628906249999,2013-08-04,2013-09-04,1,8.0,slaGgogw,,-1,0.001230012300123,,1.0,1.0,oliverwatson97@morgan.com,oliverwatson97@morgan.com,4,0.0038022813688212,0.0038022813688212,1024.0,0.243994140625,1,1.0
17.446341831903624,0.9999944008079704,978,982,Jessica,Jessica,4,0.01323706377858,0.01323706377858,1024.0,0.0700861150568181,Miller,Miller,4,0.0048840048840048,0.0048840048840048,1024.0,0.18995361328125,2001-05-23,2001-05-23,2,1024.0,,,-1,,,1.0,1.0,jessica.miller@johnson.com,jessica.miller@johnson.com,4,0.0076045627376425,0.0076045627376425,1024.0,0.1219970703125,1,1.0
-0.672443804188202,0.3855391370695295,780,783,Harvey,HeHray,0,0.0048134777376654,0.0012033694344163,0.03125,1.0,Robertson,Robertson,4,0.0061050061050061,0.0061050061050061,1024.0,0.1519628906249999,1997-03-24,1997-03-24,2,1024.0,,,-1,,,1.0,1.0,harveyrobertson32@chavez.com,harveyrobertsoe32@chavnz.com,2,0.0050697084917617,0.0012674271229404,1.259921049894873,1.0,1,0.0
5.168807856374714,0.9729526028734184,47,48,Erin,Erin,4,0.0048134777376654,0.0048134777376654,1024.0,0.1927368164062499,Rogers,Rogers,4,0.0061050061050061,0.0061050061050061,1024.0,0.1519628906249999,2010-01-02,2010-01-30,0,0.03125,London,,-1,0.2127921279212792,,1.0,1.0,e.rogers3@hopkins.org,e.rogers3@hopkins.org,4,0.0025348542458808,0.0025348542458808,1024.0,0.3659912109375,1,1.0
19.58384535565356,0.999998727450851,129,130,Matilda,Matilda,4,0.0060168471720818,0.0060168471720818,1024.0,0.154189453125,Barker,Barker,4,0.0036630036630036,0.0036630036630036,1024.0,0.2532714843749999,1990-03-08,1990-03-08,2,1024.0,Reading,,-1,0.014760147601476,,1.0,1.0,m.b@bell-brown.com,m.b@bell-brown.com,4,0.0050697084917617,0.0050697084917617,1024.0,0.18299560546875,1,1.0
16.281069365214353,0.9999874424676428,612,613,Elizabeth,Elzabeth,3,0.01323706377858,0.0012033694344163,8.0,1.0,Hunt,Hunt,4,0.0024420024420024,0.0024420024420024,1024.0,0.3799072265625,1983-04-18,1983-04-18,2,1024.0,London,,-1,0.2127921279212792,,1.0,1.0,ehunt10@ramos.com,ehunt10@ramos.com,4,0.0038022813688212,0.0038022813688212,1024.0,0.243994140625,1,1.0
4.731188456644671,0.9637156561554924,699,700,,NNoah,-1,,0.0012033694344163,1.0,1.0,Hunter,Hunter,4,0.0036630036630036,0.0036630036630036,1024.0,0.2532714843749999,1973-09-29,1973-09-29,2,1024.0,Manchester,,-1,0.020910209102091,,1.0,1.0,,noahh78@diaz-clark.com,-1,,0.0063371356147021,1.0,1.0,1,1.0
17.035408730957517,0.9999925556334244,11,13,Isla,Isla,4,0.0108303249097472,0.0108303249097472,1024.0,0.0856608072916666,Hall,Hall,4,0.0158730158730158,0.0158730158730158,1024.0,0.058447265625,1985-02-07,1985-02-07,2,1024.0,,,-1,,,1.0,1.0,islahall97@gutierrez-bennett.com,islahall97@gutierrez-bennett.com,4,0.0038022813688212,0.0038022813688212,1024.0,0.243994140625,1,1.0
9.96357511919248,0.9989994696138292,205,206,Isla,Isla,4,0.0108303249097472,0.0108303249097472,1024.0,0.0856608072916666,Payne,Payne,4,0.0085470085470085,0.0085470085470085,1024.0,0.1085449218749999,1997-02-28,1997-02-28,2,1024.0,Mansfield,,-1,0.009840098400984,,1.0,1.0,,isla.payne@butler.org,-1,,0.0012674271229404,1.0,1.0,1,1.0
11.548537619913636,0.9996662672647814,495,497,Harrison,Harrison,4,0.0084235860409145,0.0084235860409145,1024.0,0.1101353236607142,Norman,Norman,4,0.0036630036630036,0.0036630036630036,1024.0,0.2532714843749999,1982-10-18,1982-10-18,2,1024.0,Milton,,-1,0.004920049200492,,1.0,1.0,,hn@martin-ez-reynolds.com,-1,,0.0012674271229404,1.0,1.0,1,1.0
9.952967019626495,0.998992093068112,538,541,Harry,Harry,4,0.0108303249097472,0.0108303249097472,1024.0,0.0856608072916666,Andresw,,-1,0.0024420024420024,,1.0,1.0,2019-03-16,2019-03-16,2,1024.0,York,York,1,0.008610086100861,0.008610086100861,1024.0,0.1077497209821428,harryandrews@woods.biz,,-1,0.0012674271229404,,1.0,1.0,0,1.0
8.88585282376796,0.9978905236467254,890,891,Ivy,Ivy,4,0.0048134777376654,0.0048134777376654,1024.0,0.1927368164062499,Lee,,-1,0.0097680097680097,,1.0,1.0,1996-05-31,1996-05-31,2,1024.0,Liverpool,Liverpool,1,0.040590405904059,0.040590405904059,1024.0,0.0228560014204545,ivy.lee@carson-williams.info,,-1,0.0050697084917617,,1.0,1.0,0,1.0
3.316150957365827,0.908759423812887,135,136,Edard,,-1,0.0012033694344163,,1.0,1.0,Kaur,Kaur,4,0.0097680097680097,0.0097680097680097,1024.0,0.094976806640625,1999-02-14,1999-02-14,2,1024.0,,Bimingmah,-1,,0.001230012300123,1.0,1.0,,,-1,,,1.0,1.0,1,1.0
-0.6838490426341729,0.3836680350604681,770,771,Diavid,,-1,0.0012033694344163,,1.0,1.0,Shaw,Shaw,4,0.0048840048840048,0.0048840048840048,1024.0,0.18995361328125,1999-04-14,1999-04-14,2,1024.0,London,Lnodon,0,0.2127921279212792,0.002460024600246,0.03125,1.0,,,-1,,,1.0,1.0,1,0.0
9.62385969913483,0.9987341581198984,51,55,Jayden,,-1,0.0096269554753309,,1.0,1.0,Bennett,Bennett,4,0.0073260073260073,0.0073260073260073,1024.0,0.1266357421874999,2017-01-11,2017-01-11,2,1024.0,Swansea,Swansea,1,0.015990159901599,0.015990159901599,1024.0,0.0580190805288461,,,-1,,,1.0,1.0,1,1.0
4.618926947805032,0.9608943005326154,28,29,Thomas,Thomas,4,0.0060168471720818,0.0060168471720818,1024.0,0.154189453125,Gabriel,Gabriel,4,0.0048840048840048,0.0048840048840048,1024.0,0.18995361328125,1976-09-15,1976-08-15,1,8.0,London,,-1,0.2127921279212792,,1.0,1.0,gabriel.t54@nichols.info,,-1,0.0025348542458808,,1.0,1.0,1,1.0
3.64948429069916,0.9261930470585212,144,145,Harry,Hrarry,2,0.0108303249097472,0.0012033694344163,1.259921049894873,1.0,May,May,4,0.0097680097680097,0.0097680097680097,1024.0,0.094976806640625,1987-10-28,1987-10-28,2,1024.0,Cardiff,,-1,0.014760147601476,,1.0,1.0,hmay32@richardson-rhodes.com,,-1,0.0038022813688212,,1.0,1.0,1,1.0
4.731188456644671,0.9637156561554924,557,559,,Violet,-1,,0.0024067388688327,1.0,1.0,Clark,Clark,4,0.0036630036630036,0.0036630036630036,1024.0,0.2532714843749999,2020-02-11,2020-02-11,2,1024.0,London,,-1,0.2127921279212792,,1.0,1.0,v.clark@campbell.com,,-1,0.0050697084917617,,1.0,1.0,1,1.0
24.132562196926354,0.9999999456280532,91,93,Moore,Moore,4,0.0024067388688327,0.0024067388688327,1024.0,0.3854736328124999,Oscar,Oscar,4,0.0061050061050061,0.0061050061050061,1024.0,0.1519628906249999,2016-01-12,2016-01-12,2,1024.0,Liverpool,Liverpool,1,0.040590405904059,0.040590405904059,1024.0,0.0228560014204545,omoore64@randall.com,omoore64@randall.com,4,0.0076045627376425,0.0076045627376425,1024.0,0.1219970703125,0,1.0
9.739336916554766,0.9988314167844003,289,292,,Jackson,-1,,0.0084235860409145,1.0,1.0,Lee,Lee,4,0.0097680097680097,0.0097680097680097,1024.0,0.094976806640625,2009-11-10,2009-11-10,2,1024.0,Belfast,Belfast,1,0.011070110701107,0.011070110701107,1024.0,0.0838053385416666,,j.lee86@roberson.com,-1,,0.0038022813688212,1.0,1.0,1,1.0
0.8152866367920348,0.6376349088388067,548,549,,Riley,-1,,0.0060168471720818,1.0,1.0,King,King,4,0.0122100122100122,0.0122100122100122,1024.0,0.0759814453124999,1984-04-19,1985-03-20,0,0.03125,Aberdeen,Aberdeen,1,0.019680196801968,0.019680196801968,1024.0,0.0471405029296874,riley.k@zavala.com,riley.k@zavala.com,4,0.0063371356147021,0.0063371356147021,1024.0,0.146396484375,1,1.0
6.95914127032699,0.9920271554940348,589,591,,Jacob,-1,,0.0192539109506618,1.0,1.0,Riley,Riley,4,0.0061050061050061,0.0061050061050061,1024.0,0.1519628906249999,2012-09-30,2012-09-30,2,1024.0,Livopeol,Liverpool,0,0.001230012300123,0.040590405904059,0.03125,1.0,j.riley9@bennett.net,j.riley9@bennett.net,4,0.0038022813688212,0.0038022813688212,1024.0,0.243994140625,1,1.0
9.96357511919248,0.9989994696138292,631,633,Mason,Mason,4,0.0108303249097472,0.0108303249097472,1024.0,0.0856608072916666,Hughes,Hughes,4,0.0085470085470085,0.0085470085470085,1024.0,0.1085449218749999,1990-01-29,1990-01-29,2,1024.0,,Boton,-1,,0.001230012300123,1.0,1.0,,mh@wade.co@m,-1,,0.0012674271229404,1.0,1.0,1,1.0
1.6136527756223846,0.7537101664359159,719,720,,Mi,-1,,0.0012033694344163,1.0,1.0,Jones,Jones,4,0.028083028083028,0.028083028083028,1024.0,0.0330354110054347,2022-02-20,2021-01-21,0,0.03125,Ipswich,Ipswich,1,0.006150061500615,0.006150061500615,1024.0,0.150849609375,mia.j63@martinez.biz,mia.j63@martinez.biz,4,0.0050697084917617,0.0050697084917617,1024.0,0.18299560546875,1,1.0
10.490735951262076,0.9993055002721404,339,340,Rose,Rose,4,0.0024067388688327,0.0024067388688327,1024.0,0.3854736328124999,Wood,Wood,4,0.0024420024420024,0.0024420024420024,1024.0,0.3799072265625,2004-12-21,2004-12-22,1,8.0,Readng,Reading,0,0.001230012300123,0.014760147601476,0.03125,1.0,rosewood@coleman.org,rosewood@coleman.org,4,0.0025348542458808,0.0025348542458808,1024.0,0.3659912109375,1,1.0
12.324074880788944,0.9998050159426062,138,141,,James,-1,,0.0156438026474127,1.0,1.0,Campbell,Campbell,4,0.0158730158730158,0.0158730158730158,1024.0,0.058447265625,2011-10-10,2011-10-10,2,1024.0,London,London,1,0.2127921279212792,0.2127921279212792,1024.0,0.0043598152998554,jc@herring.info,jc@herring.info,4,0.0050697084917617,0.0050697084917617,1024.0,0.18299560546875,1,1.0
10.537929520347651,0.99932783621923,648,650,Maddison,Maddison,4,0.003610108303249,0.003610108303249,1024.0,0.256982421875,,Jarvis,-1,,0.0024420024420024,1.0,1.0,1974-04-10,1974-04-10,2,1024.0,Southend-on-Sea,Southend-on-Sea,1,0.017220172201722,0.017220172201722,1024.0,0.0538748604910714,maddison.jarvis@patterson-miller.biz,,-1,0.0038022813688212,,1.0,1.0,0,1.0
-0.1339681340644911,0.4768017587007488,320,321,Amelia,,-1,0.0108303249097472,,1.0,1.0,Fletcher,Fletcher,4,0.0048840048840048,0.0048840048840048,1024.0,0.18995361328125,1987-03-28,1987-04-28,1,8.0,Bristo,Bristol,0,0.002460024600246,0.019680196801968,0.03125,1.0,ameliafletcher22@diaz.com,ameliafletcher22@diaz.com,4,0.0050697084917617,0.0050697084917617,1024.0,0.18299560546875,1,1.0
11.473714443156748,0.9996485082684586,31,33,Lola,,-1,0.0096269554753309,,1.0,1.0,Brown,Brown,4,0.0085470085470085,0.0085470085470085,1024.0,0.1085449218749999,1983-11-06,1983-11-06,2,1024.0,,Bradford,-1,,0.011070110701107,1.0,1.0,lola.b@martinez-jones.net,lola.b@martinez-jones.net,4,0.0038022813688212,0.0038022813688212,1024.0,0.243994140625,1,1.0
5.137214731679397,0.9723703131461764,500,501,Olivia,,-1,0.0168471720818291,,1.0,1.0,Khan,Khan,4,0.0024420024420024,0.0024420024420024,1024.0,0.3799072265625,1981-07-08,1971-08-10,0,0.03125,Huddersfield,Huddersfield,1,0.01230012300123,0.01230012300123,1024.0,0.0754248046875,okhan85@daugherty-allen.com,okhan85@daugherty-allen.com,4,0.0025348542458808,0.0025348542458808,1024.0,0.3659912109375,1,1.0
12.324074880788944,0.9998050159426062,137,138,James,,-1,0.0156438026474127,,1.0,1.0,Campbell,Campbell,4,0.0158730158730158,0.0158730158730158,1024.0,0.058447265625,2011-10-10,2011-10-10,2,1024.0,London,London,1,0.2127921279212792,0.2127921279212792,1024.0,0.0043598152998554,jc@herring.info,jc@herring.info,4,0.0050697084917617,0.0050697084917617,1024.0,0.18299560546875,1,1.0
15.940855042692396,0.999984102912248,221,225,Ferguson,Ferguson,4,0.0024067388688327,0.0024067388688327,1024.0,0.3854736328124999,Logan,Logan,4,0.0048840048840048,0.0048840048840048,1024.0,0.18995361328125,2013-10-15,2013-10-15,2,1024.0,,,-1,,,1.0,1.0,l.ferguson46@shah.com,l.ferguson46@soao.chm,3,0.0025348542458808,0.0012674271229404,8.0,1.0,1,1.0
4.731188456644671,0.9637156561554924,698,699,Noah,,-1,0.0072202166064981,,1.0,1.0,Hunter,Hunter,4,0.0036630036630036,0.0036630036630036,1024.0,0.2532714843749999,1973-09-29,1973-09-29,2,1024.0,,Manchester,-1,,0.020910209102091,1.0,1.0,noahh78@diaz-clark.com,,-1,0.0063371356147021,,1.0,1.0,1,1.0
9.017511501417795,0.9980741548619518,683,685,Rosie,Rosie,4,0.0060168471720818,0.0060168471720818,1024.0,0.154189453125,nJohnston,Johnoston,1,0.0012210012210012,0.0012210012210012,0.1984251314960249,1.0,1978-10-23,1978-11-23,1,8.0,Sheffield,Sheffield,1,0.008610086100861,0.008610086100861,1024.0,0.1077497209821428,rosiej32@robinson-moran.net,rosiej32@robinson-moran.net,4,0.0050697084917617,0.0050697084917617,1024.0,0.18299560546875,0,1.0
3.64948429069916,0.9261930470585212,145,147,Hrarry,Harry,2,0.0012033694344163,0.0108303249097472,1.259921049894873,1.0,May,May,4,0.0097680097680097,0.0097680097680097,1024.0,0.094976806640625,1987-10-28,1987-10-28,2,1024.0,,Cardiff,-1,,0.014760147601476,1.0,1.0,,hmay32@richardson--rhodes.com,-1,,0.0012674271229404,1.0,1.0,1,1.0
7.033964447083876,0.992427063556336,236,242,Freya,Freya,4,0.0060168471720818,0.0060168471720818,1024.0,0.154189453125,Shah,Shah,4,0.0036630036630036,0.0036630036630036,1024.0,0.2532714843749999,1970-12-17,1970-12-17,2,1024.0,Londodn,Lonnod,0,0.001230012300123,0.007380073800738,0.03125,1.0,,,-1,,,1.0,1.0,1,1.0
6.2810693652143526,0.9873041818607956,45,46,Sebastian,,-1,0.0024067388688327,,1.0,1.0,Mitchell,Mitchell,4,0.0024420024420024,0.0024420024420024,1024.0,0.3799072265625,2015-05-04,2015-04-04,1,8.0,,Leeds,-1,,0.020910209102091,1.0,1.0,s.mitchell39@green.org,s.mitchell39@green.org,4,0.0038022813688212,0.0038022813688212,1024.0,0.243994140625,1,1.0
0.9828176240324938,0.6640147861884044,145,146,Hrarry,Harr,1,0.0012033694344163,0.0012033694344163,0.1984251314960249,1.0,May,May,4,0.0097680097680097,0.0097680097680097,1024.0,0.094976806640625,1987-10-28,1987-10-28,2,1024.0,,Cardiff,-1,,0.014760147601476,1.0,1.0,,hmay32@richardson-rhodes.com,-1,,0.0038022813688212,1.0,1.0,1,1.0
-1.8456255841663904,0.2176710765660961,903,904,Aira,Aria,3,0.003610108303249,0.0024067388688327,8.0,1.0,Cross,Cross,4,0.0036630036630036,0.0036630036630036,1024.0,0.2532714843749999,1998-12-15,2000-01-14,0,0.03125,Newcastle-upon-Tyne,Newcastle-upon-Tyne,1,0.022140221402214,0.022140221402214,1024.0,0.0419026692708333,,a.cross58@browning-nguyen.com,-1,,0.0050697084917617,1.0,1.0,1,0.0
-0.2688115433553291,0.4535528084729645,22,24,,Thoas,-1,,0.0012033694344163,1.0,1.0,Green,Green,4,0.0036630036630036,0.0036630036630036,1024.0,0.2532714843749999,1974-10-05,1974-10-05,2,1024.0,Londdon,London,0,0.002460024600246,0.2127921279212792,0.03125,1.0,,thomas.green@clark.org,-1,,0.0012674271229404,1.0,1.0,1,0.0
9.618926947805033,0.998729828150482,26,30,Thomas,Thomas,4,0.0060168471720818,0.0060168471720818,1024.0,0.154189453125,Gabriel,Gabriel,4,0.0048840048840048,0.0048840048840048,1024.0,0.18995361328125,1976-09-15,1976-09-15,2,1024.0,Loodon,London,0,0.001230012300123,0.2127921279212792,0.03125,1.0,gabriel.t54@nnichls.info,gabriel.t54@nlchois.info,3,0.0012674271229404,0.0012674271229404,8.0,1.0,1,1.0
22.11806262723124,0.999999780315403,39,43,Theodore,Theodore,4,0.0120336943441636,0.0120336943441636,1024.0,0.0770947265625,Morris,Morris,4,0.0048840048840048,0.0048840048840048,1024.0,0.18995361328125,1978-08-19,1978-08-19,2,1024.0,Birmingham,Birmingham,1,0.04920049200492,0.04920049200492,1024.0,0.018856201171875,t.m39@brooks-sawyer.com,t.m39@brooks-sawyer.com,4,0.0063371356147021,0.0063371356147021,1024.0,0.146396484375,0,1.0
7.29699885291767,0.9936812443744876,82,84,Ryan,Ryan,4,0.0060168471720818,0.0060168471720818,1024.0,0.154189453125,Cole,Cole,4,0.0061050061050061,0.0061050061050061,1024.0,0.1519628906249999,1987-05-27,1988-05-27,1,8.0,,Bristol,-1,,0.019680196801968,1.0,1.0,r.cole1@ramirez-anthony.com,r.cole1@ramtrez-anihony.com,3,0.0063371356147021,0.0012674271229404,8.0,1.0,1,1.0
13.91149037243266,0.999935107287186,90,95,Osacar,Ocar,1,0.0012033694344163,0.0012033694344163,0.1984251314960249,1.0,Moore,Moore,4,0.0036630036630036,0.0036630036630036,1024.0,0.2532714843749999,2016-01-12,2016-01-12,2,1024.0,Liverpool,Liverpool,1,0.040590405904059,0.040590405904059,1024.0,0.0228560014204545,omoore64@randall.com,omoore64@randall.com,4,0.0076045627376425,0.0076045627376425,1024.0,0.1219970703125,1,1.0
16.435733732337642,0.9999887190351368,102,105,Alfie,Alfie,4,0.01323706377858,0.01323706377858,1024.0,0.0700861150568181,,Griffiths,-1,,0.0036630036630036,1.0,1.0,2008-05-07,2008-05-07,2,1024.0,Plymouth,Plymouth,1,0.014760147601476,0.014760147601476,1024.0,0.06285400390625,a.griffiths@garner-bridges.com,a.griffiths@garner-bridges.com,4,0.0050697084917617,0.0050697084917617,1024.0,0.18299560546875,0,1.0
-1.0837833928855958,0.3205552214645837,110,112,Oliver,Oliver,4,0.0336943441636582,0.0336943441636582,1024.0,0.0275338309151785,Atkinnos,Atkinson,3,0.0012210012210012,0.0085470085470085,8.0,1.0,2009-12-21,2010-01-20,0,0.03125,London,London,1,0.2127921279212792,0.2127921279212792,1024.0,0.0043598152998554,oliver.atkinson@moran-smith.com,oliver.atkinson@moran-smith.com,4,0.0063371356147021,0.0063371356147021,1024.0,0.146396484375,0,0.0
10.484627931571712,0.999302555751246,111,114,Oliver,Oliver,4,0.0336943441636582,0.0336943441636582,1024.0,0.0275338309151785,Atkinson,Atkinson,4,0.0085470085470085,0.0085470085470085,1024.0,0.1085449218749999,2009-12-21,2009-12-21,2,1024.0,London,London,1,0.2127921279212792,0.2127921279212792,1024.0,0.0043598152998554,,oliver.atkinson@moran-smith.com,-1,,0.0063371356147021,1.0,1.0,0,1.0
1.1124118344935103,0.6837512569795097,143,144,Harry,Harry,4,0.0108303249097472,0.0108303249097472,1024.0,0.0856608072916666,May,May,4,0.0097680097680097,0.0097680097680097,1024.0,0.094976806640625,1988-11-25,1987-10-28,0,0.03125,Cardiff,Cardiff,1,0.014760147601476,0.014760147601476,1024.0,0.06285400390625,hmay3@richarsson-rhooded.com,hmay32@richardson-rhodes.com,2,0.0012674271229404,0.0038022813688212,1.259921049894873,1.0,0,1.0
-0.6770833706231971,0.3847775749218134,181,183,Freddie,Freddie,4,0.0180505415162454,0.0180505415162454,1024.0,0.0513964843749999,Holmes,Hsmel,1,0.0061050061050061,0.0012210012210012,0.1984251314960249,1.0,1992-10-02,1992-10-01,1,8.0,Kingston-upon-Hull,Kingston-upon-Hull,1,0.015990159901599,0.015990159901599,1024.0,0.0580190805288461,fholmes@duncan.com,f@holmes@duncan.com,2,0.0050697084917617,0.0012674271229404,1.259921049894873,1.0,0,0.0
9.889671189639197,0.9989469360543598,209,210,Elltiot,Elliot,3,0.0012033694344163,0.0024067388688327,8.0,1.0,Page,Page,4,0.0036630036630036,0.0036630036630036,1024.0,0.2532714843749999,1979-04-23,1979-04-23,2,1024.0,London,London,1,0.2127921279212792,0.2127921279212792,1024.0,0.0043598152998554,,e.page13@dyer-williams.com,-1,,0.0038022813688212,1.0,1.0,1,1.0
5.736748848990542,0.9815923776338804,316,318,,sDasy,-1,,0.0012033694344163,1.0,1.0,Hughes,Hughes,4,0.0085470085470085,0.0085470085470085,1024.0,0.1085449218749999,1991-05-16,1991-05-16,2,1024.0,eManchester,Manchester,0,0.001230012300123,0.020910209102091,0.03125,1.0,dh@powell.net,dh@powell.net,4,0.0063371356147021,0.0063371356147021,1024.0,0.146396484375,1,1.0
-1.6791890501802358,0.2379547956633288,320,323,Amelia,Amelia,4,0.0108303249097472,0.0108303249097472,1024.0,0.0856608072916666,Fletcher,Fletcher,4,0.0048840048840048,0.0048840048840048,1024.0,0.18995361328125,1987-03-28,1987-04-29,0,0.03125,Bristo,Bristol,0,0.002460024600246,0.019680196801968,0.03125,1.0,ameliafletcher22@diaz.com,ameliafletcher22@diaz.com,4,0.0050697084917617,0.0050697084917617,1024.0,0.18299560546875,1,0.0
18.94900350260249,0.999998024028394,344,345,William,William,4,0.0048134777376654,0.0048134777376654,1024.0,0.1927368164062499,Nicholson,Nicholson,4,0.0024420024420024,0.0024420024420024,1024.0,0.3799072265625,2006-12-21,2006-12-21,2,1024.0,Reading,Reading,1,0.014760147601476,0.014760147601476,1024.0,0.06285400390625,,williamn@curry-flores.com,-1,,0.0038022813688212,1.0,1.0,0,1.0
14.86603186593551,0.9999665139478848,384,386,Lotti,Lottie,3,0.0012033694344163,0.003610108303249,8.0,1.0,Davis,Davis,4,0.0048840048840048,0.0048840048840048,1024.0,0.18995361328125,1972-06-12,1972-06-12,2,1024.0,,StSockton-on-Tees,-1,,0.001230012300123,1.0,1.0,lottie.d7@morgan-pierce.com,lottie.d7@morgan-pierce.com,4,0.0050697084917617,0.0050697084917617,1024.0,0.18299560546875,1,1.0
12.07049032310899,0.9997675554386136,400,402,James,James,4,0.0156438026474127,0.0156438026474127,1024.0,0.0593036358173076,Dixon,Dixon,4,0.0109890109890109,0.0109890109890109,1024.0,0.0844238281249999,1991-04-12,1991-04-12,2,1024.0,,Loodnon,-1,,0.001230012300123,1.0,1.0,james.d@merritot-scott.com,james.d@merritt-scott.com,3,0.0012674271229404,0.0063371356147021,8.0,1.0,1,1.0
4.528843136729123,0.9584792595455728,428,430,Archie,Archie,4,0.003610108303249,0.003610108303249,1024.0,0.256982421875,Soctt,Scott,3,0.0012210012210012,0.0048840048840048,8.0,1.0,1984-09-19,1974-08-21,0,0.03125,Liverpool,Liverpool,1,0.040590405904059,0.040590405904059,1024.0,0.0228560014204545,a.s@humphrey.com,a.s@humphrey.com,4,0.0063371356147021,0.0063371356147021,1024.0,0.146396484375,0,1.0
13.75948727898761,0.999927897505643,429,431,Archie,Areceih,1,0.003610108303249,0.0012033694344163,0.1984251314960249,1.0,Scott,Scott,4,0.0048840048840048,0.0048840048840048,1024.0,0.18995361328125,1974-08-21,1974-08-21,2,1024.0,Liverpool,Liverpool,1,0.040590405904059,0.040590405904059,1024.0,0.0228560014204545,a.s@humphrey.com,a.s@humphrey.com,4,0.0063371356147021,0.0063371356147021,1024.0,0.146396484375,1,1.0
-0.0942265494590797,0.4836775851211265,453,456,Davies,Davies,4,0.0048134777376654,0.0048134777376654,1024.0,0.1927368164062499,Reuben,Reuben,4,0.0048840048840048,0.0048840048840048,1024.0,0.18995361328125,1988-01-20,1986-12-21,0,0.03125,Swasea,Swansea,0,0.002460024600246,0.015990159901599,0.03125,1.0,rd@lewis.com,rd@lewis.com,4,0.0038022813688212,0.0038022813688212,1024.0,0.243994140625,1,1.0
18.60831884823905,0.9999974977150085,490,491,Amelie,Amelie,4,0.0024067388688327,0.0024067388688327,1024.0,0.3854736328124999,Olriver,Oliver,3,0.0012210012210012,0.0036630036630036,8.0,1.0,1980-11-11,1980-11-11,2,1024.0,Nottingham,Nottingham,1,0.006150061500615,0.006150061500615,1024.0,0.150849609375,ao24@green.net,ao24@green.@net,3,0.0050697084917617,0.0012674271229404,8.0,1.0,0,1.0
7.552252230958241,0.9947004637875156,488,492,Ameliee,Amelime,3,0.0012033694344163,0.0012033694344163,8.0,1.0,Oliver,Oliver,4,0.0036630036630036,0.0036630036630036,1024.0,0.2532714843749999,1980-10-12,1980-11-11,0,0.03125,Nottingham,Nottingham,1,0.006150061500615,0.006150061500615,1024.0,0.150849609375,ao24@green.net,ao24@green.net,4,0.0050697084917617,0.0050697084917617,1024.0,0.18299560546875,1,1.0
10.12289202106881,0.9991039823825032,493,496,Harrison,Harrison,4,0.0084235860409145,0.0084235860409145,1024.0,0.1101353236607142,Norman,Norma,3,0.0036630036630036,0.0012210012210012,8.0,1.0,1983-10-18,1982-10-18,1,8.0,Milton,Milton,1,0.004920049200492,0.004920049200492,1024.0,0.1885620117187499,hn@martinz-reynolds.com,hn@martinez-reynolds.com,3,0.0012674271229404,0.0025348542458808,8.0,1.0,0,1.0
11.735848449098608,0.9997068902414974,514,518,Amelia,Amelia,4,0.0108303249097472,0.0108303249097472,1024.0,0.0856608072916666,Morgan,Morgan,4,0.0146520146520146,0.0146520146520146,1024.0,0.0633178710937499,2011-05-26,2011-05-26,2,1024.0,Swindon,Swindno,0,0.01230012300123,0.001230012300123,0.03125,1.0,amelia.morgan92@davidson-taylor.com,amelia.morgan92@davidson-taylor.com,4,0.0050697084917617,0.0050697084917617,1024.0,0.18299560546875,1,1.0
1.0645217899780035,0.6765299690957655,518,519,Amelia,Amlelia,2,0.0108303249097472,0.0012033694344163,1.259921049894873,1.0,Morgan,Morgan,4,0.0146520146520146,0.0146520146520146,1024.0,0.0633178710937499,2011-05-26,2011-05-26,2,1024.0,Swindno,Swindon,0,0.001230012300123,0.01230012300123,0.03125,1.0,amelia.morgan92@davidson-taylor.com,amelia.morgan92@davidson-ta.lorycom,3,0.0050697084917617,0.0012674271229404,8.0,1.0,1,1.0
-1.6021448766886626,0.2477735463880958,519,520,Amlelia,AmelAia,1,0.0012033694344163,0.0012033694344163,0.1984251314960249,1.0,Morgan,Morgan,4,0.0146520146520146,0.0146520146520146,1024.0,0.0633178710937499,2011-05-26,2011-05-26,2,1024.0,Swindon,Swinon,0,0.01230012300123,0.001230012300123,0.03125,1.0,amelia.morgan92@davidson-ta.lorycom,amelia.morgan92@davidson-taylor.com,3,0.0012674271229404,0.0050697084917617,8.0,1.0,1,0.0
2.043416309558882,0.8047715840415669,527,529,Oliver,Oliver,4,0.0336943441636582,0.0336943441636582,1024.0,0.0275338309151785,Dawson,Dawon,3,0.0024420024420024,0.0012210012210012,8.0,1.0,1985-12-05,1985-11-03,0,0.03125,Liverpool,Liverpool,1,0.040590405904059,0.040590405904059,1024.0,0.0228560014204545,odawson45@malone-cabrera.com,odawson45@malone-cabrera.com,4,0.0038022813688212,0.0038022813688212,1024.0,0.243994140625,0,1.0
6.952967019626497,0.9919932350620771,606,608,Amelia,Amelia,4,0.0108303249097472,0.0108303249097472,1024.0,0.0856608072916666,Porter,Porrret,1,0.0036630036630036,0.0012210012210012,0.1984251314960249,1.0,2013-08-07,2013-08-07,2,1024.0,Portsmouth,Portsmouth,1,0.017220172201722,0.017220172201722,1024.0,0.0538748604910714,ameiiap@nlcholson.orrg,ameliap@nicholson.org,2,0.0012674271229404,0.0012674271229404,1.259921049894873,1.0,0,1.0
8.356689680851229,0.9969586745362916,655,656,Dylan,Dylan,4,0.0072202166064981,0.0072202166064981,1024.0,0.1284912109375,Robert,Rberts,2,0.0012210012210012,0.0012210012210012,1.259921049894873,1.0,1990-10-26,1990-10-26,2,1024.0,Birmingham,Birmingham,1,0.04920049200492,0.04920049200492,1024.0,0.018856201171875,,droberts73@taylor-lang.com,-1,,0.0038022813688212,1.0,1.0,0,1.0
20.8077025097246,0.9999994551748248,669,670,Ollie,Ollie,4,0.003610108303249,0.003610108303249,1024.0,0.256982421875,Roe,Rowe,3,0.0012210012210012,0.0024420024420024,8.0,1.0,2006-12-05,2006-12-05,2,1024.0,Manchester,Manchester,1,0.020910209102091,0.020910209102091,1024.0,0.0443675321691176,or@cox-blackwell.org,or@cox-blackwell.org,4,0.0050697084917617,0.0050697084917617,1024.0,0.18299560546875,0,1.0
15.474369176391267,0.9999780344959144,669,671,Ollie,Ollie,4,0.003610108303249,0.003610108303249,1024.0,0.256982421875,Roe,Rewo,1,0.0012210012210012,0.0012210012210012,0.1984251314960249,1.0,2006-12-05,2006-12-05,2,1024.0,Manchester,Manchester,1,0.020910209102091,0.020910209102091,1024.0,0.0443675321691176,or@cox-blackwell.org,or@cox-blackwell.org,4,0.0050697084917617,0.0050697084917617,1024.0,0.18299560546875,0,1.0
-0.2074109986911857,0.464120190755009,724,727,,Isaac,-1,,0.0060168471720818,1.0,1.0,Jones,Jones,4,0.028083028083028,0.028083028083028,1024.0,0.0330354110054347,2008-02-23,2008-02-23,2,1024.0,Belfast,Baltasf,0,0.011070110701107,0.001230012300123,0.03125,1.0,isaac.jones54@bradford.net,isaac.jones54@bradford.enet,3,0.0050697084917617,0.0012674271229404,8.0,1.0,1,0.0
8.910656214768533,0.9979264060698376,762,763,Arabella,Arabella,4,0.0072202166064981,0.0072202166064981,1024.0,0.1284912109375,Marrtin,Martin,3,0.0012210012210012,0.0024420024420024,8.0,1.0,1984-04-14,1984-04-14,2,1024.0,London,London,1,0.2127921279212792,0.2127921279212792,1024.0,0.0043598152998554,,amartin@navarro.com,-1,,0.0025348542458808,1.0,1.0,0,1.0
13.657632750609254,0.9999226234669364,773,776,EvEa,Eva,3,0.0012033694344163,0.0024067388688327,8.0,1.0,Armstrong,Armstrong,4,0.0073260073260073,0.0073260073260073,1024.0,0.1266357421874999,2017-04-23,2017-04-23,2,1024.0,Peterborough,Peterborough,1,0.009840098400984,0.009840098400984,1024.0,0.0942810058593749,e.a.rmstrong16@odonnell.info,er.armstrong16@odonnelloinf.,2,0.0012674271229404,0.0012674271229404,1.259921049894873,1.0,1,1.0
14.168807856374714,0.9999457074483926,779,782,Harvey,Harvey,4,0.0048134777376654,0.0048134777376654,1024.0,0.1927368164062499,Robertson,Robertson,4,0.0061050061050061,0.0061050061050061,1024.0,0.1519628906249999,1996-03-25,1996-03-25,2,1024.0,Lnodon,London,0,0.002460024600246,0.2127921279212792,0.03125,1.0,harveyrobertson32@chavez.com,harveyrobertson32@chavez.com,4,0.0050697084917617,0.0050697084917617,1024.0,0.18299560546875,1,1.0
11.776490433595956,0.9997150298590244,843,845,Oliver,Oliver,4,0.0336943441636582,0.0336943441636582,1024.0,0.0275338309151785,Watson,Watson,4,0.0061050061050061,0.0061050061050061,1024.0,0.1519628906249999,2013-08-04,2013-08-04,2,1024.0,slaGgogw,GlasgGow,0,0.001230012300123,0.001230012300123,0.03125,1.0,oliverwatson97@morgan.com,oliverwatson97@morgan.com,4,0.0038022813688212,0.0038022813688212,1024.0,0.243994140625,1,1.0
8.910656214768533,0.9979264060698376,848,854,Michael,Michael,4,0.0072202166064981,0.0072202166064981,1024.0,0.1284912109375,Wells,Wels,3,0.0036630036630036,0.0012210012210012,8.0,1.0,2000-04-03,2000-04-03,2,1024.0,London,London,1,0.2127921279212792,0.2127921279212792,1024.0,0.0043598152998554,,m.w@cannon.com,-1,,0.0025348542458808,1.0,1.0,0,1.0
11.274188376025728,0.9995963956823638,888,890,Ivy,Ivy,4,0.0048134777376654,0.0048134777376654,1024.0,0.1927368164062499,Lee,Lee,4,0.0097680097680097,0.0097680097680097,1024.0,0.094976806640625,1996-05-31,1996-05-31,2,1024.0,,Liverpool,-1,,0.040590405904059,1.0,1.0,ivy.llee@carson-williams.info,ivy.lee@carson-williams.info,2,0.0012674271229404,0.0050697084917617,1.259921049894873,1.0,1,1.0
1.3161509573658268,0.7134677876927837,888,893,Ivy,Iyvv,1,0.0048134777376654,0.0012033694344163,0.1984251314960249,1.0,Lee,Lee,4,0.0097680097680097,0.0097680097680097,1024.0,0.094976806640625,1996-05-31,1996-05-31,2,1024.0,,Liverpool,-1,,0.040590405904059,1.0,1.0,ivy.llee@carson-williams.info,ivy.lee@carson-williams.info,2,0.0012674271229404,0.0050697084917617,1.259921049894873,1.0,1,1.0
15.320810949819764,0.9999755676222036,895,897,Jaxon,Jaxon,4,0.0048134777376654,0.0048134777376654,1024.0,0.1927368164062499,Rice,Rice,4,0.0036630036630036,0.0036630036630036,1024.0,0.2532714843749999,1980-02-02,1980-02-02,2,1024.0,Lonnod,London,0,0.007380073800738,0.2127921279212792,0.03125,1.0,jaxon.r@cantu.org,jaxon.r@cantu.org,4,0.0038022813688212,0.0038022813688212,1024.0,0.243994140625,1,1.0
4.44395423914261,0.9560733883327032,929,930,Luke,Luke,4,0.0060168471720818,0.0060168471720818,1024.0,0.154189453125,Robinson,Robinnso,3,0.0048840048840048,0.0012210012210012,8.0,1.0,1971-11-18,1981-10-18,0,0.03125,Coventry,Coventry,1,0.025830258302583,0.025830258302583,1024.0,0.0359165736607142,lrobinson@wolf.org,lrobinson@wolf.org,4,0.0063371356147021,0.0063371356147021,1024.0,0.146396484375,0,1.0
4.44395423914261,0.9560733883327032,930,932,Luke,Luke,4,0.0060168471720818,0.0060168471720818,1024.0,0.154189453125,Robinnso,Robinssno,3,0.0012210012210012,0.0012210012210012,8.0,1.0,1981-10-18,1971-11-18,0,0.03125,Coventry,Coventry,1,0.025830258302583,0.025830258302583,1024.0,0.0359165736607142,lrobinson@wolf.org,lrobinson@wolf.org,4,0.0063371356147021,0.0063371356147021,1024.0,0.146396484375,0,1.0
23.064256183535445,0.999999885983682,947,949,Sarah,Sarah,4,0.0024067388688327,0.0024067388688327,1024.0,0.3854736328124999,Pearson,Pearson,4,0.0036630036630036,0.0036630036630036,1024.0,0.2532714843749999,2011-01-07,2011-01-07,2,1024.0,London,London,1,0.2127921279212792,0.2127921279212792,1024.0,0.0043598152998554,sarahp77@humphrey.com,sarahp77@humphrey.com,4,0.0050697084917617,0.0050697084917617,1024.0,0.18299560546875,0,1.0
5.350844834751129,0.976082180348759,972,975,Leon,Leon,4,0.0048134777376654,0.0048134777376654,1024.0,0.1927368164062499,Arnmstrong,Armstronog,3,0.0012210012210012,0.0012210012210012,8.0,1.0,1970-04-11,1980-04-08,0,0.03125,Salford,Salford,1,0.017220172201722,0.017220172201722,1024.0,0.0538748604910714,l.armstrong@reyes-campbell.net,l.armstrong@reyes-campbell.net,4,0.0063371356147021,0.0063371356147021,1024.0,0.146396484375,0,1.0
1.744897308900637,0.7702052732675014,973,977,,Leon,-1,,0.0048134777376654,1.0,1.0,Armstrong,Armstrong,4,0.0073260073260073,0.0073260073260073,1024.0,0.1266357421874999,1980-04-08,1970-04-13,0,0.03125,Salford,Salford,1,0.017220172201722,0.017220172201722,1024.0,0.0538748604910714,l.armstrong@reyes-campbell.net,l.armstrong@reyes-campbell.net,4,0.0063371356147021,0.0063371356147021,1024.0,0.146396484375,1,1.0
22.064256183535445,0.9999997719673902,994,996,Emma,Emma,4,0.0048134777376654,0.0048134777376654,1024.0,0.1927368164062499,Lloyd,Lloyd,4,0.0048840048840048,0.0048840048840048,1024.0,0.18995361328125,2018-04-17,2018-04-17,2,1024.0,London,London,1,0.2127921279212792,0.2127921279212792,1024.0,0.0043598152998554,emmalloyd@jimenez.com,emmalloyd@jimenez.com,4,0.0038022813688212,0.0038022813688212,1024.0,0.243994140625,0,1.0
24.10656698839341,0.9999999446394724,997,999,Oliver,Oliver,4,0.0336943441636582,0.0336943441636582,1024.0,0.0275338309151785,Bird,Bird,4,0.0036630036630036,0.0036630036630036,1024.0,0.2532714843749999,2000-01-27,2000-01-27,2,1024.0,Reading,Reading,1,0.014760147601476,0.014760147601476,1024.0,0.06285400390625,o.b@smith.net,o.b@smith.net,4,0.0025348542458808,0.0025348542458808,1024.0,0.3659912109375,0,1.0
11.259470481730396,0.9995922588590213,76,77,,Elizabeth,-1,,0.01323706377858,1.0,1.0,Mason,Mason,4,0.0085470085470085,0.0085470085470085,1024.0,0.1085449218749999,1996-12-10,1996-11-10,1,8.0,Leicester,Leicester,1,0.008610086100861,0.008610086100861,1024.0,0.1077497209821428,emason@ware.com,emason@ware.com,4,0.0038022813688212,0.0038022813688212,1024.0,0.243994140625,1,1.0
3.627885407215203,0.9251630705025938,76,78,,Elizabeth,-1,,0.01323706377858,1.0,1.0,Mason,Mason,4,0.0085470085470085,0.0085470085470085,1024.0,0.1085449218749999,1996-12-10,1997-12-10,1,8.0,Leicester,Leicester,1,0.008610086100861,0.008610086100861,1024.0,0.1077497209821428,emason@ware.com,em@aosn@ware.com,2,0.0038022813688212,0.0012674271229404,1.259921049894873,1.0,1,1.0
17.01910414714307,0.999992471024523,395,396,Evie,Evie,4,0.0084235860409145,0.0084235860409145,1024.0,0.1101353236607142,Davidson,Davidson,4,0.0073260073260073,0.0073260073260073,1024.0,0.1266357421874999,1982-07-18,1982-07-19,1,8.0,Leeds,Leeds,1,0.020910209102091,0.020910209102091,1024.0,0.0443675321691176,evied62@bishop.info,evied62@bishop.info,4,0.0038022813688212,0.0038022813688212,1024.0,0.243994140625,0,1.0
0.8217990767467385,0.6386772674372905,759,761,Henr,Henry,3,0.0024067388688327,0.0108303249097472,8.0,1.0,Day,Day,4,0.0048840048840048,0.0048840048840048,1024.0,0.18995361328125,2002-09-15,2002-08-18,0,0.03125,Leeds,Leeds,1,0.020910209102091,0.020910209102091,1024.0,0.0443675321691176,hday48@thtomas-acrter.com,hday48@thomas-carter.mc,3,0.0012674271229404,0.0012674271229404,8.0,1.0,1,1.0
25.674455975755624,0.9999999813268056,696,701,Hunter,Hunter,4,0.0024067388688327,0.0024067388688327,1024.0,0.3854736328124999,Noah,Noah,4,0.0048840048840048,0.0048840048840048,1024.0,0.18995361328125,1973-09-29,1973-09-29,2,1024.0,Manchester,Manchester,1,0.020910209102091,0.020910209102091,1024.0,0.0443675321691176,noahh78@diaz-clark.com,noahh78@diaz-clark.com,4,0.0063371356147021,0.0063371356147021,1024.0,0.146396484375,0,1.0
16.248563784461396,0.9999871563241448,51,54,Jayden,Jayden,4,0.0096269554753309,0.0096269554753309,1024.0,0.0963684082031249,Bennett,Bennett,4,0.0073260073260073,0.0073260073260073,1024.0,0.1266357421874999,2017-01-11,2017-01-11,2,1024.0,Swansea,Swansea,1,0.015990159901599,0.015990159901599,1024.0,0.0580190805288461,,jb88@king.com,-1,,0.0050697084917617,1.0,1.0,0,1.0
11.03179167273807,0.9995225890079352,137,139,James,James,4,0.0156438026474127,0.0156438026474127,1024.0,0.0593036358173076,Campbell,Campbell,4,0.0158730158730158,0.0158730158730158,1024.0,0.058447265625,2011-10-10,2011-10-10,2,1024.0,London,London,1,0.2127921279212792,0.2127921279212792,1024.0,0.0043598152998554,jc@herring.info,joc@hrning.irfo,2,0.0050697084917617,0.0012674271229404,1.259921049894873,1.0,0,1.0
21.35084483475113,0.999999626100306,685,687,Rosie,Rosie,4,0.0060168471720818,0.0060168471720818,1024.0,0.154189453125,Johnoston,Johnston,3,0.0012210012210012,0.0024420024420024,8.0,1.0,1978-11-23,1978-11-23,2,1024.0,Sheffield,Sheffield,1,0.008610086100861,0.008610086100861,1024.0,0.1077497209821428,rosiej32@robinson-moran.net,rosiej32@robinson-moran.net,4,0.0050697084917617,0.0050697084917617,1024.0,0.18299560546875,0,1.0
-0.3391104708548686,0.4415057037687371,821,824,hNoaN,Noah,1,0.0012033694344163,0.0072202166064981,0.1984251314960249,1.0,Rogers,Rogers,4,0.0061050061050061,0.0061050061050061,1024.0,0.1519628906249999,2011-04-07,2011-04-07,2,1024.0,nwindoS,Swindon,0,0.001230012300123,0.01230012300123,0.03125,1.0,noahr@hudson-brown.net,noahr@hudson-broow.net,3,0.0025348542458808,0.0012674271229404,8.0,1.0,1,0.0
19.83627166192137,0.9999989317159022,551,552,Riley,Riley,4,0.0060168471720818,0.0060168471720818,1024.0,0.154189453125,King,Kiing,3,0.0122100122100122,0.0012210012210012,8.0,1.0,1984-04-19,1984-04-19,2,1024.0,Aberdeen,Aberdeen,1,0.019680196801968,0.019680196801968,1024.0,0.0471405029296874,riley.k@zavala.com,riley.k@zavala.com,4,0.0063371356147021,0.0063371356147021,1024.0,0.146396484375,0,1.0
3.94773603188102,0.9391384957314493,582,584,ilivOa,Olivia,1,0.0012033694344163,0.0168471720818291,0.1984251314960249,1.0,Edwards,Edwards,4,0.0097680097680097,0.0097680097680097,1024.0,0.094976806640625,1988-12-27,1988-12-27,2,1024.0,Dudley,Duudley,0,0.007380073800738,0.001230012300123,0.03125,1.0,oe56@lopez.net,oe56@lopez.net,4,0.0038022813688212,0.0038022813688212,1024.0,0.243994140625,1,1.0
25.59199381556365,0.9999999802283824,747,749,Ella,Ella,4,0.0024067388688327,0.0024067388688327,1024.0,0.3854736328124999,Young,Young,4,0.0036630036630036,0.0036630036630036,1024.0,0.2532714843749999,1991-05-13,1991-05-13,2,1024.0,Birmingham,Birmingham,1,0.04920049200492,0.04920049200492,1024.0,0.018856201171875,ellayoung47@cook.com,ellayoung47@cook.com,4,0.0038022813688212,0.0038022813688212,1024.0,0.243994140625,0,1.0
5.874180325845604,0.98323692447674,836,841,Chartotle,Charlotte,3,0.0012033694344163,0.0072202166064981,8.0,1.0,Harper,Harper,4,0.0048840048840048,0.0048840048840048,1024.0,0.18995361328125,2028-01-10,2018-02-12,0,0.03125,Plymouth,Plymouth,1,0.014760147601476,0.014760147601476,1024.0,0.06285400390625,charper@miller.biz,charper@miller.biz,4,0.0050697084917617,0.0050697084917617,1024.0,0.18299560546875,1,1.0
6.689225875304572,0.9904025881842108,916,917,Darcy,Darcy,4,0.0072202166064981,0.0072202166064981,1024.0,0.1284912109375,Rhodes,Rhodes,4,0.0048840048840048,0.0048840048840048,1024.0,0.18995361328125,1979-01-14,1979-01-14,2,1024.0,Birminigham,Birmingham,0,0.001230012300123,0.04920049200492,0.03125,1.0,drodes16@johnson-robinson.com,drhodes16@johnson-robinson.com,2,0.0012674271229404,0.0038022813688212,1.259921049894873,1.0,1,1.0
3.2404153245513028,0.9043122778716328,439,441,Jacob,Jacob,4,0.0192539109506618,0.0192539109506618,1024.0,0.0481842041015624,Campbell,Campbell,4,0.0158730158730158,0.0158730158730158,1024.0,0.058447265625,1987-06-06,1987-06-06,2,1024.0,Lonnod,London,0,0.007380073800738,0.2127921279212792,0.03125,1.0,,j.c65@ortiz.com,-1,,0.0063371356147021,1.0,1.0,1,1.0
3.2404153245513028,0.9043122778716328,439,442,Jacob,Jacob,4,0.0192539109506618,0.0192539109506618,1024.0,0.0481842041015624,Campbell,Campbell,4,0.0158730158730158,0.0158730158730158,1024.0,0.058447265625,1987-06-06,1987-06-06,2,1024.0,Lonnod,London,0,0.007380073800738,0.2127921279212792,0.03125,1.0,,j.c65@ortiz.com,-1,,0.0063371356147021,1.0,1.0,1,1.0
15.82179907674674,0.9999827354050158,759,760,Henr,Henry,3,0.0024067388688327,0.0108303249097472,8.0,1.0,Day,Day,4,0.0048840048840048,0.0048840048840048,1024.0,0.18995361328125,2002-09-15,2002-09-15,2,1024.0,Leeds,Leeds,1,0.020910209102091,0.020910209102091,1024.0,0.0443675321691176,hday48@thtomas-acrter.com,hday48@thomas-carter.com,3,0.0012674271229404,0.0038022813688212,8.0,1.0,1,1.0
3.2483392479744184,0.9047864935764574,137,140,James,James,4,0.0156438026474127,0.0156438026474127,1024.0,0.0593036358173076,Campbell,Campbell,4,0.0158730158730158,0.0158730158730158,1024.0,0.058447265625,2011-10-10,2012-11-06,0,0.03125,London,London,1,0.2127921279212792,0.2127921279212792,1024.0,0.0043598152998554,jc@herring.info,jc@herring.info,4,0.0050697084917617,0.0050697084917617,1024.0,0.18299560546875,0,1.0
-0.3107741246954285,0.4463542287982472,915,916,Darcy,Darcy,4,0.0072202166064981,0.0072202166064981,1024.0,0.1284912109375,Rhodes,Rhodes,4,0.0048840048840048,0.0048840048840048,1024.0,0.18995361328125,1979-01-13,1979-01-14,1,8.0,Birminghma,Birminigham,0,0.001230012300123,0.001230012300123,0.03125,1.0,drhodes16@johnson-robinson.com,drodes16@johnson-robinson.com,2,0.0038022813688212,0.0012674271229404,1.259921049894873,1.0,1,0.0
-1.4912039646917772,0.2623821537644402,33,34,,Lola,-1,,0.0096269554753309,1.0,1.0,Brown,Brown,4,0.0085470085470085,0.0085470085470085,1024.0,0.1085449218749999,1983-11-06,1983-11-06,2,1024.0,Bradford,Bradfofrd,0,0.011070110701107,0.001230012300123,0.03125,1.0,lola.b@martinez-jones.net,,-1,0.0038022813688212,,1.0,1.0,1,0.0
-1.8075528199215976,0.2221985143249878,325,326,Kai,Kai,4,0.0060168471720818,0.0060168471720818,1024.0,0.154189453125,Turner,Turner,4,0.0073260073260073,0.0073260073260073,1024.0,0.1266357421874999,2008-12-03,2009-11-03,0,0.03125,London,London,1,0.2127921279212792,0.2127921279212792,1024.0,0.0043598152998554,k.t50@hernandez.com,,-1,0.0038022813688212,,1.0,1.0,0,0.0
7.316150957365827,0.993764053331657,384,387,Lotti,Lottie,3,0.0012033694344163,0.003610108303249,8.0,1.0,Davis,Davis,4,0.0048840048840048,0.0048840048840048,1024.0,0.18995361328125,1972-06-12,1972-06-12,2,1024.0,,Stockton-onsTee-,-1,,0.001230012300123,1.0,1.0,lottie.d7@morgan-pierce.com,,-1,0.0050697084917617,,1.0,1.0,1,1.0
0.9909660839425884,0.6652736989196663,582,585,ilivOa,Olivia,1,0.0012033694344163,0.0168471720818291,0.1984251314960249,1.0,Edwards,Edwards,4,0.0097680097680097,0.0097680097680097,1024.0,0.094976806640625,1988-12-27,1988-11-27,1,8.0,Dudley,Dudley,1,0.007380073800738,0.007380073800738,1024.0,0.1257080078125,oe56@lopez.net,,-1,0.0038022813688212,,1.0,1.0,1,1.0
6.619633686293164,0.9899330588935672,608,609,Amelia,Amelia,4,0.0108303249097472,0.0108303249097472,1024.0,0.0856608072916666,Porrret,Porter,1,0.0012210012210012,0.0036630036630036,0.1984251314960249,1.0,2013-08-07,2013-08-07,2,1024.0,Portsmouth,Portsmouth,1,0.017220172201722,0.017220172201722,1024.0,0.0538748604910714,ameliap@nicholson.org,,-1,0.0012674271229404,,1.0,1.0,0,1.0
2.404682986378679,0.8411486090052561,798,800,Arlo,Arlo,4,0.0060168471720818,0.0060168471720818,1024.0,0.154189453125,West,West,4,0.0048840048840048,0.0048840048840048,1024.0,0.18995361328125,2007-02-17,2008-03-16,0,0.03125,Southend-on-Sea,Southend-on-Sea,1,0.017220172201722,0.017220172201722,1024.0,0.0538748604910714,aw@thompson.com,,-1,0.0050697084917617,,1.0,1.0,0,1.0
10.175359440962945,0.9991359553617276,901,903,Aira,Aira,4,0.003610108303249,0.003610108303249,1024.0,0.256982421875,,Cross,-1,,0.0036630036630036,1.0,1.0,1998-12-15,1998-12-15,2,1024.0,Newcastle-upon-Tyne,Newcastle-upon-Tyne,1,0.022140221402214,0.022140221402214,1024.0,0.0419026692708333,a.cross58@brwning-nguyen.com,,-1,0.0012674271229404,,1.0,1.0,0,1.0
1.467630592848114,0.7344432195429107,683,686,Rosie,Rosie,4,0.0060168471720818,0.0060168471720818,1024.0,0.154189453125,nJohnston,Johnston,1,0.0012210012210012,0.0024420024420024,0.1984251314960249,1.0,1978-10-23,1978-11-23,1,8.0,Sheffield,Sheffield,1,0.008610086100861,0.008610086100861,1024.0,0.1077497209821428,rosiej32@robinson-moran.net,,-1,0.0050697084917617,,1.0,1.0,0,1.0
9.871262853680989,0.9989334276217756,69,70,Reggie,Reggie,4,0.0048134777376654,0.0048134777376654,1024.0,0.1927368164062499,Mason,,-1,0.0085470085470085,,1.0,1.0,1986-09-09,1986-09-09,2,1024.0,Coventry,Coventry,1,0.025830258302583,0.025830258302583,1024.0,0.0359165736607142,r..m51@leonard.net,r.m51@leonard.net,2,0.0012674271229404,0.0038022813688212,1.259921049894873,1.0,0,1.0
1.765882334029973,0.7727695819304168,244,246,Joshua,Joshua,4,0.0060168471720818,0.0060168471720818,1024.0,0.154189453125,Williams,,-1,0.0097680097680097,,1.0,1.0,2002-08-08,2002-09-09,0,0.03125,Portsmouth,Portsmouth,1,0.017220172201722,0.017220172201722,1024.0,0.0538748604910714,j.williams@levine-johnson.com,j.williams@levine-johnson.com,4,0.0076045627376425,0.0076045627376425,1024.0,0.1219970703125,0,1.0
17.573237256087577,0.9999948722571462,485,487,Hannah,Hannah,4,0.003610108303249,0.003610108303249,1024.0,0.256982421875,Daivs,,-1,0.0012210012210012,,1.0,1.0,1992-07-24,1992-07-24,2,1024.0,Birmingham,Birmingham,1,0.04920049200492,0.04920049200492,1024.0,0.018856201171875,hannahd14@cardenas.com,hannahd14@cardenas.com,4,0.0025348542458808,0.0025348542458808,1024.0,0.3659912109375,0,1.0
14.460537123338217,0.9999556467641696,763,764,Arabella,Arabella,4,0.0072202166064981,0.0072202166064981,1024.0,0.1284912109375,Martin,,-1,0.0024420024420024,,1.0,1.0,1984-04-14,1984-04-14,2,1024.0,London,London,1,0.2127921279212792,0.2127921279212792,1024.0,0.0043598152998554,amartin@navarro.com,amartin@navarro.com,4,0.0025348542458808,0.0025348542458808,1024.0,0.3659912109375,0,1.0
16.44395423914261,0.9999887831308092,932,933,Luke,Luke,4,0.0060168471720818,0.0060168471720818,1024.0,0.154189453125,Robinssno,,-1,0.0012210012210012,,1.0,1.0,1971-11-18,1971-11-18,2,1024.0,Coventry,Coventry,1,0.025830258302583,0.025830258302583,1024.0,0.0359165736607142,lrobinson@wolf.org,lrobinson@wolf.org,4,0.0063371356147021,0.0063371356147021,1024.0,0.146396484375,0,1.0
2.8951653509749398,0.8815066495165447,355,358,Jayden,Jayden,4,0.0096269554753309,0.0096269554753309,1024.0,0.0963684082031249,Thsomas,,-1,0.0012210012210012,,1.0,1.0,2009-03-15,2010-03-18,0,0.03125,Mansfield,Mansfield,1,0.009840098400984,0.009840098400984,1024.0,0.0942810058593749,j.t@pierce.biz,j.t@pierce.biz,4,0.0038022813688212,0.0038022813688212,1024.0,0.243994140625,0,1.0
0.0645217899780041,0.5111789109675116,9,10,Evie,,-1,0.0084235860409145,,1.0,1.0,Dean,Dean,4,0.0036630036630036,0.0036630036630036,1024.0,0.2532714843749999,2015-03-03,2015-03-03,2,1024.0,Pootsmruth,Portsmouth,0,0.001230012300123,0.017220172201722,0.03125,1.0,evihd56@earris-bailey.net,evied56@harris-bailey.net,2,0.0012674271229404,0.0025348542458808,1.259921049894873,1.0,1,1.0
14.854589597487722,0.999966247317122,176,180,Elelie,,-1,0.0012033694344163,,1.0,1.0,Ellis,Ellis,4,0.0036630036630036,0.0036630036630036,1024.0,0.2532714843749999,2005-12-08,2005-12-08,2,1024.0,London,London,1,0.2127921279212792,0.2127921279212792,1024.0,0.0043598152998554,elliee@guzman.com,elliee@guzman.com,4,0.0038022813688212,0.0038022813688212,1024.0,0.243994140625,1,1.0
3.2202274383019565,0.9030945566525694,182,185,Freddie,,-1,0.0180505415162454,,1.0,1.0,Holmes,Holmes,4,0.0061050061050061,0.0061050061050061,1024.0,0.1519628906249999,1993-10-02,1992-10-02,1,8.0,Kingston-upon-Hull,Kingston-upon-Hull,1,0.015990159901599,0.015990159901599,1024.0,0.0580190805288461,fholmes@duncan.com,fhoelmes@duacnn.com,2,0.0050697084917617,0.0012674271229404,1.259921049894873,1.0,1,1.0
18.2594704817304,0.9999968132331116,75,76,,,-1,,,1.0,1.0,Mason,Mason,4,0.0085470085470085,0.0085470085470085,1024.0,0.1085449218749999,1996-12-10,1996-12-10,2,1024.0,Leicester,Leicester,1,0.008610086100861,0.008610086100861,1024.0,0.1077497209821428,emason@ware.com,emason@ware.com,4,0.0038022813688212,0.0038022813688212,1024.0,0.243994140625,1,1.0
3.64948429069916,0.9261930470585212,733,734,Evelyn,,-1,0.0048134777376654,,1.0,1.0,May,May,4,0.0097680097680097,0.0097680097680097,1024.0,0.094976806640625,1976-11-17,1976-11-17,2,1024.0,,Portsmouh,-1,,0.001230012300123,1.0,1.0,evelynm@page.com,evlynnm@pagm.coe,2,0.0038022813688212,0.0012674271229404,1.259921049894873,1.0,1,1.0
-0.2688115433553291,0.4535528084729645,848,852,Michael,,-1,0.0072202166064981,,1.0,1.0,Wells,Wells,4,0.0036630036630036,0.0036630036630036,1024.0,0.2532714843749999,2000-04-03,2000-04-03,2,1024.0,London,Lonndon,0,0.2127921279212792,0.002460024600246,0.03125,1.0,,m.w@cannonn.com,-1,,0.0012674271229404,1.0,1.0,1,0.0
11.072670249888098,0.9995359203459928,129,133,Matilda,,-1,0.0060168471720818,,1.0,1.0,Barker,Barker,4,0.0036630036630036,0.0036630036630036,1024.0,0.2532714843749999,1990-03-08,1990-03-08,2,1024.0,Reading,Reading,1,0.014760147601476,0.014760147601476,1024.0,0.06285400390625,m.b@bell-brown.com,m.b-bell@brown.com,2,0.0050697084917617,0.0012674271229404,1.259921049894873,1.0,1,1.0
11.52495166659999,0.9996607682456806,79,82,Ryan,Ryan,4,0.0060168471720818,0.0060168471720818,1024.0,0.154189453125,Cole,Cole,4,0.0061050061050061,0.0061050061050061,1024.0,0.1519628906249999,1987-05-25,1987-05-27,1,8.0,Brritsol,,-1,0.001230012300123,,1.0,1.0,r.cole1@ramirez-anthony.com,r.cole1@ramirez-anthony.com,4,0.0063371356147021,0.0063371356147021,1024.0,0.146396484375,1,1.0
-0.777824323839216,0.3683860952899297,81,83,Ryan,Ran,3,0.0060168471720818,0.0012033694344163,8.0,1.0,Cole,Cole,4,0.0061050061050061,0.0061050061050061,1024.0,0.1519628906249999,1987-05-27,1988-06-27,0,0.03125,,,-1,,,1.0,1.0,r.cole1@ramirez-anthony.com,r.cole1@ramirez-anthony.com,4,0.0063371356147021,0.0063371356147021,1024.0,0.146396484375,1,0.0
11.444477697105372,0.9996413150738974,155,157,Auutsin,Austin,2,0.0012033694344163,0.0024067388688327,1.259921049894873,1.0,Wright,Wright,4,0.0109890109890109,0.0109890109890109,1024.0,0.0844238281249999,1993-03-27,1993-03-27,2,1024.0,Manchester,,-1,0.020910209102091,,1.0,1.0,a.wright42@estrada.org,a.wright42@estrada.org,4,0.0038022813688212,0.0038022813688212,1024.0,0.243994140625,1,1.0
19.735848449098608,0.9999988547056202,157,158,Austin,Austin,4,0.0024067388688327,0.0024067388688327,1024.0,0.3854736328124999,Wright,Wright,4,0.0109890109890109,0.0109890109890109,1024.0,0.0844238281249999,1993-03-27,1993-03-27,2,1024.0,,,-1,,,1.0,1.0,a.wright42@estrada.org,a.wright42@estrada.org,4,0.0038022813688212,0.0038022813688212,1024.0,0.243994140625,1,1.0
2.261917260766196,0.8274756895520309,181,184,Freddie,Freddie,4,0.0180505415162454,0.0180505415162454,1024.0,0.0513964843749999,Holmes,Holmes,4,0.0061050061050061,0.0061050061050061,1024.0,0.1519628906249999,1992-10-02,1993-10-04,0,0.03125,Kingston-upon-Hull,,-1,0.015990159901599,,1.0,1.0,fholmes@duncan.com,fholmes@duncan.com,4,0.0050697084917617,0.0050697084917617,1024.0,0.18299560546875,1,1.0
-1.8664998793652088,0.2152172189094638,292,293,Jackson,Jackson,4,0.0084235860409145,0.0084235860409145,1024.0,0.1101353236607142,Lee,Lee,4,0.0097680097680097,0.0097680097680097,1024.0,0.094976806640625,2009-11-10,2010-10-13,0,0.03125,Belfast,,-1,0.011070110701107,,1.0,1.0,j.lee86@roberson.com,j.lee86@ro6berson.com,3,0.0038022813688212,0.0012674271229404,8.0,1.0,1,0.0
9.07049032310899,0.9981434643002944,398,401,James,James,4,0.0156438026474127,0.0156438026474127,1024.0,0.0593036358173076,Dixon,Dixon,4,0.0109890109890109,0.0109890109890109,1024.0,0.0844238281249999,1991-04-12,1991-04-12,2,1024.0,London,,-1,0.2127921279212792,,1.0,1.0,,james.d@merritt-scott.com,-1,,0.0063371356147021,1.0,1.0,1,1.0
12.07049032310899,0.9997675554386136,400,403,James,James,4,0.0156438026474127,0.0156438026474127,1024.0,0.0593036358173076,Dixon,Dixon,4,0.0109890109890109,0.0109890109890109,1024.0,0.0844238281249999,1991-04-12,1991-04-12,2,1024.0,,,-1,,,1.0,1.0,james.d@merritot-scott.com,james.d@merritt-scott.com,3,0.0012674271229404,0.0063371356147021,8.0,1.0,1,1.0
2.4463418319036228,0.8449690131124867,979,982,Jessica,Jessica,4,0.01323706377858,0.01323706377858,1024.0,0.0700861150568181,Miller,Miller,4,0.0048840048840048,0.0048840048840048,1024.0,0.18995361328125,2002-05-21,2001-05-23,0,0.03125,Coventry,,-1,0.025830258302583,,1.0,1.0,jessica.miller@johnson.com,jessica.miller@johnson.com,4,0.0076045627376425,0.0076045627376425,1024.0,0.1219970703125,1,1.0
14.95914127032699,0.9999686067604396,698,700,Noah,NNoah,3,0.0072202166064981,0.0012033694344163,8.0,1.0,Hunter,Hunter,4,0.0036630036630036,0.0036630036630036,1024.0,0.2532714843749999,1973-09-29,1973-09-29,2,1024.0,,,-1,,,1.0,1.0,noahh78@diaz-clark.com,noahh78@diaz-clark.com,4,0.0063371356147021,0.0063371356147021,1024.0,0.146396484375,1,1.0
10.210770437714814,0.9991568875433476,821,825,hNoaN,Noah,1,0.0012033694344163,0.0072202166064981,0.1984251314960249,1.0,Rogers,Rogers,4,0.0061050061050061,0.0061050061050061,1024.0,0.1519628906249999,2011-04-07,2011-04-07,2,1024.0,nwindoS,,-1,0.001230012300123,,1.0,1.0,noahr@hudson-brown.net,noahr@hudson-brown.net,4,0.0025348542458808,0.0025348542458808,1024.0,0.3659912109375,1,1.0
10.29690845252581,0.9992057145586548,204,206,Isla,Isla,4,0.0108303249097472,0.0108303249097472,1024.0,0.0856608072916666,Payne,Payne,4,0.0085470085470085,0.0085470085470085,1024.0,0.1085449218749999,1997-02-28,1997-02-28,2,1024.0,Mansfield,,-1,0.009840098400984,,1.0,1.0,islaabpayne@.utler.org,isla.payne@butler.org,2,0.0012674271229404,0.0012674271229404,1.259921049894873,1.0,1,1.0
14.033964447083877,0.9999403885269644,327,328,Kai,Kai,4,0.0060168471720818,0.0060168471720818,1024.0,0.154189453125,Turner,Turner,4,0.0073260073260073,0.0073260073260073,1024.0,0.1266357421874999,2008-12-03,2008-12-03,2,1024.0,Londo,,-1,0.004920049200492,,1.0,1.0,k.t50@hernandez.com,k.t50@her.andezncodm,3,0.0038022813688212,0.0012674271229404,8.0,1.0,1,1.0
7.548537619913635,0.994686873699097,493,497,Harrison,Harrison,4,0.0084235860409145,0.0084235860409145,1024.0,0.1101353236607142,Norman,Norman,4,0.0036630036630036,0.0036630036630036,1024.0,0.2532714843749999,1983-10-18,1982-10-18,1,8.0,Milton,,-1,0.004920049200492,,1.0,1.0,hn@martinz-reynolds.com,hn@martin-ez-reynolds.com,3,0.0012674271229404,0.0012674271229404,8.0,1.0,1,1.0
4.168807856374714,0.9473297976271524,798,802,Arlo,Arlo,4,0.0060168471720818,0.0060168471720818,1024.0,0.154189453125,West,West,4,0.0048840048840048,0.0048840048840048,1024.0,0.18995361328125,2007-02-17,2007-03-19,0,0.03125,Southend-on-Sea,,-1,0.017220172201722,,1.0,1.0,aw@thompson.com,aw@thompson.com,4,0.0050697084917617,0.0050697084917617,1024.0,0.18299560546875,1,1.0
2.725343610544571,0.8686487989511346,390,392,Icsac,Iaac,1,0.0012033694344163,0.0012033694344163,0.1984251314960249,1.0,James,James,4,0.0085470085470085,0.0085470085470085,1024.0,0.1085449218749999,1991-05-06,1991-06-06,1,8.0,London,,-1,0.2127921279212792,,1.0,1.0,isaac.james@smith.com,isaac.james@smith.com,4,0.0025348542458808,0.0025348542458808,1024.0,0.3659912109375,1,1.0
4.910656214768533,0.9678233177136264,521,523,George,George,4,0.0144404332129963,0.0144404332129963,1024.0,0.06424560546875,Owen,,-1,0.0073260073260073,,1.0,1.0,1980-06-29,1980-06-29,2,1024.0,London,London,1,0.2127921279212792,0.2127921279212792,1024.0,0.0043598152998554,go94@bradshaw-sanders.com,,-1,0.0025348542458808,,1.0,1.0,0,1.0
8.88585282376796,0.9978905236467254,887,891,Ivy,Ivy,4,0.0048134777376654,0.0048134777376654,1024.0,0.1927368164062499,LLee,,-1,0.0012210012210012,,1.0,1.0,1996-05-31,1996-05-31,2,1024.0,Liverpool,Liverpool,1,0.040590405904059,0.040590405904059,1024.0,0.0228560014204545,ivy.lee@carson-williams.info,,-1,0.0050697084917617,,1.0,1.0,0,1.0
9.62385969913483,0.9987341581198984,54,55,Jayden,,-1,0.0096269554753309,,1.0,1.0,Bennett,Bennett,4,0.0073260073260073,0.0073260073260073,1024.0,0.1266357421874999,2017-01-11,2017-01-11,2,1024.0,Swansea,Swansea,1,0.015990159901599,0.015990159901599,1024.0,0.0580190805288461,jb88@king.com,,-1,0.0050697084917617,,1.0,1.0,1,1.0
4.618926947805032,0.9608943005326154,26,29,Thomas,Thomas,4,0.0060168471720818,0.0060168471720818,1024.0,0.154189453125,Gabriel,Gabriel,4,0.0048840048840048,0.0048840048840048,1024.0,0.18995361328125,1976-09-15,1976-08-15,1,8.0,Loodon,,-1,0.001230012300123,,1.0,1.0,gabriel.t54@nnichls.info,,-1,0.0012674271229404,,1.0,1.0,1,1.0
13.998882854932402,0.9999389212939565,325,327,Kai,Kai,4,0.0060168471720818,0.0060168471720818,1024.0,0.154189453125,Turner,Turner,4,0.0073260073260073,0.0073260073260073,1024.0,0.1266357421874999,2008-12-03,2008-12-03,2,1024.0,London,Londo,0,0.2127921279212792,0.004920049200492,0.03125,1.0,k.t50@hernandez.com,k.t50@hernandez.com,4,0.0038022813688212,0.0038022813688212,1024.0,0.243994140625,1,1.0
3.2483392479744184,0.9047864935764574,140,141,James,James,4,0.0156438026474127,0.0156438026474127,1024.0,0.0593036358173076,Campbell,Campbell,4,0.0158730158730158,0.0158730158730158,1024.0,0.058447265625,2012-11-06,2011-10-10,0,0.03125,London,London,1,0.2127921279212792,0.2127921279212792,1024.0,0.0043598152998554,jc@herring.info,jc@herring.info,4,0.0050697084917617,0.0050697084917617,1024.0,0.18299560546875,0,1.0
10.000347587666996,0.999024625039436,396,397,Evie,Evie,4,0.0084235860409145,0.0084235860409145,1024.0,0.1101353236607142,Davidson,,-1,0.0073260073260073,,1.0,1.0,1982-07-19,1982-07-18,1,8.0,Leeds,Leeds,1,0.020910209102091,0.020910209102091,1024.0,0.0443675321691176,evied62@bishop.info,evied62@bishop.info,4,0.0038022813688212,0.0038022813688212,1024.0,0.243994140625,0,1.0
12.93198199449716,0.9998720530475176,32,33,Lola,,-1,0.0096269554753309,,1.0,1.0,Brown,Brown,4,0.0085470085470085,0.0085470085470085,1024.0,0.1085449218749999,1983-11-06,1983-11-06,2,1024.0,Bradford,Bradford,1,0.011070110701107,0.011070110701107,1024.0,0.0838053385416666,lola.b@martinesz-jone.net,lola.b@martinez-jones.net,3,0.0012674271229404,0.0038022813688212,8.0,1.0,1,1.0
-1.4912039646917772,0.2623821537644402,618,623,,Olivia,-1,,0.0168471720818291,1.0,1.0,Davies,Davies,4,0.017094017094017,0.017094017094017,1024.0,0.0542724609374999,2010-01-05,2010-01-06,1,8.0,,Birmingham,-1,,0.04920049200492,1.0,1.0,od@holloway.info,od@hollowayl.ino,3,0.0038022813688212,0.0012674271229404,8.0,1.0,1,0.0
15.324299417275922,0.9999756266274092,146,147,Harr,Harry,3,0.0012033694344163,0.0108303249097472,8.0,1.0,May,May,4,0.0097680097680097,0.0097680097680097,1024.0,0.094976806640625,1987-10-28,1987-10-28,2,1024.0,Cardiff,Cardiff,1,0.014760147601476,0.014760147601476,1024.0,0.06285400390625,hmay32@richardson-rhodes.com,hmay32@richardson--rhodes.com,3,0.0038022813688212,0.0012674271229404,8.0,1.0,1,1.0
8.904609383244036,0.9979177148200564,302,304,Charlie,Charlie,4,0.0072202166064981,0.0072202166064981,1024.0,0.1284912109375,Andrews,Andrews,4,0.0048840048840048,0.0048840048840048,1024.0,0.18995361328125,2023-11-01,2023-12-01,1,8.0,Liverpool,Liverpool,1,0.040590405904059,0.040590405904059,1024.0,0.0228560014204545,candrews15@thompson.net,,-1,0.0025348542458808,,1.0,1.0,0,1.0
20.28921782512445,0.9999992195654146,144,146,Harry,Harr,3,0.0108303249097472,0.0012033694344163,8.0,1.0,May,May,4,0.0097680097680097,0.0097680097680097,1024.0,0.094976806640625,1987-10-28,1987-10-28,2,1024.0,Cardiff,Cardiff,1,0.014760147601476,0.014760147601476,1024.0,0.06285400390625,hmay32@richardson-rhodes.com,hmay32@richardson-rhodes.com,4,0.0038022813688212,0.0038022813688212,1024.0,0.243994140625,1,1.0
16.573237256087577,0.9999897445668796,483,484,Freddie,Freddie,4,0.0180505415162454,0.0180505415162454,1024.0,0.0513964843749999,Gill,,-1,0.0012210012210012,,1.0,1.0,1994-04-24,1994-04-24,2,1024.0,Bristol,Bristol,1,0.019680196801968,0.019680196801968,1024.0,0.0471405029296874,fg60@anderson.com,fg60@anderson.com,4,0.0025348542458808,0.0025348542458808,1024.0,0.3659912109375,0,1.0
16.777409680799558,0.9999910978979124,28,30,Thomas,Thomas,4,0.0060168471720818,0.0060168471720818,1024.0,0.154189453125,Gabriel,Gabriel,4,0.0048840048840048,0.0048840048840048,1024.0,0.18995361328125,1976-09-15,1976-09-15,2,1024.0,London,London,1,0.2127921279212792,0.2127921279212792,1024.0,0.0043598152998554,gabriel.t54@nichols.info,gabriel.t54@nlchois.info,3,0.0025348542458808,0.0012674271229404,8.0,1.0,0,1.0
22.11806262723124,0.999999780315403,37,43,Theodore,Theodore,4,0.0120336943441636,0.0120336943441636,1024.0,0.0770947265625,Morris,Morris,4,0.0048840048840048,0.0048840048840048,1024.0,0.18995361328125,1978-08-19,1978-08-19,2,1024.0,Birmingham,Birmingham,1,0.04920049200492,0.04920049200492,1024.0,0.018856201171875,t.m39@brooks-sawyer.com,t.m39@brooks-sawyer.com,4,0.0063371356147021,0.0063371356147021,1024.0,0.146396484375,0,1.0
7.29699885291767,0.9936812443744876,81,84,Ryan,Ryan,4,0.0060168471720818,0.0060168471720818,1024.0,0.154189453125,Cole,Cole,4,0.0061050061050061,0.0061050061050061,1024.0,0.1519628906249999,1987-05-27,1988-05-27,1,8.0,,Bristol,-1,,0.019680196801968,1.0,1.0,r.cole1@ramirez-anthony.com,r.cole1@ramtrez-anihony.com,3,0.0063371356147021,0.0012674271229404,8.0,1.0,1,1.0
24.45449029181372,0.999999956502442,101,105,Alfie,Alfie,4,0.01323706377858,0.01323706377858,1024.0,0.0700861150568181,Griffiths,Griffiths,4,0.0036630036630036,0.0036630036630036,1024.0,0.2532714843749999,2008-05-07,2008-05-07,2,1024.0,Plymouth,Plymouth,1,0.014760147601476,0.014760147601476,1024.0,0.06285400390625,a.griffiths@garner-bridges.com,a.griffiths@garner-bridges.com,4,0.0050697084917617,0.0050697084917617,1024.0,0.18299560546875,0,1.0
2.712580745254032,0.8676361294235311,112,114,Oliver,Oliver,4,0.0336943441636582,0.0336943441636582,1024.0,0.0275338309151785,Atkinson,Atkinson,4,0.0085470085470085,0.0085470085470085,1024.0,0.1085449218749999,2010-01-20,2009-12-21,0,0.03125,London,London,1,0.2127921279212792,0.2127921279212792,1024.0,0.0043598152998554,oliver.atkinson@moran-smith.com,oliver.atkinson@moran-smith.com,4,0.0063371356147021,0.0063371356147021,1024.0,0.146396484375,0,1.0
20.70425532440329,0.9999994146739468,292,295,Jackson,Jakcsson,3,0.0084235860409145,0.0012033694344163,8.0,1.0,Lee,Lee,4,0.0097680097680097,0.0097680097680097,1024.0,0.094976806640625,2009-11-10,2009-11-10,2,1024.0,Belfast,Belfast,1,0.011070110701107,0.011070110701107,1024.0,0.0838053385416666,j.lee86@roberson.com,j.lee86@roberson.com,4,0.0038022813688212,0.0038022813688212,1024.0,0.243994140625,1,1.0
-1.157870631358444,0.309475021550573,336,337,Scatletr,Scarlett,2,0.0012033694344163,0.0084235860409145,1.259921049894873,1.0,Payne,Payne,4,0.0085470085470085,0.0085470085470085,1024.0,0.1085449218749999,1974-07-03,1974-07-03,2,1024.0,Salford,Salfoard,0,0.017220172201722,0.001230012300123,0.03125,1.0,,scarlett.payne88@morton.info,-1,,0.0025348542458808,1.0,1.0,1,0.0
4.07049032310899,0.9438239364976204,398,402,James,James,4,0.0156438026474127,0.0156438026474127,1024.0,0.0593036358173076,Dixon,Dixon,4,0.0109890109890109,0.0109890109890109,1024.0,0.0844238281249999,1991-04-12,1991-04-12,2,1024.0,London,Loodnon,0,0.2127921279212792,0.001230012300123,0.03125,1.0,,james.d@merritt-scott.com,-1,,0.0063371356147021,1.0,1.0,1,1.0
13.439552098208878,0.999909997908679,436,437,,Hug,-1,,0.0012033694344163,1.0,1.0,Kaur,Kaur,4,0.0097680097680097,0.0097680097680097,1024.0,0.094976806640625,1973-03-23,1973-03-23,2,1024.0,London,London,1,0.2127921279212792,0.2127921279212792,1024.0,0.0043598152998554,h.k@sharp.com,h.k@sharp.com,4,0.0038022813688212,0.0038022813688212,1024.0,0.243994140625,1,1.0
12.335704655721893,0.9998065811164654,514,519,Amelia,Amlelia,2,0.0108303249097472,0.0012033694344163,1.259921049894873,1.0,Morgan,Morgan,4,0.0146520146520146,0.0146520146520146,1024.0,0.0633178710937499,2011-05-26,2011-05-26,2,1024.0,Swindon,Swindon,1,0.01230012300123,0.01230012300123,1024.0,0.0754248046875,amelia.morgan92@davidson-taylor.com,amelia.morgan92@davidson-ta.lorycom,3,0.0050697084917617,0.0012674271229404,8.0,1.0,1,1.0
8.281069365214353,0.9967955329671876,518,520,Amelia,AmelAia,3,0.0108303249097472,0.0012033694344163,8.0,1.0,Morgan,Morgan,4,0.0146520146520146,0.0146520146520146,1024.0,0.0633178710937499,2011-05-26,2011-05-26,2,1024.0,Swindno,Swinon,0,0.001230012300123,0.001230012300123,0.03125,1.0,amelia.morgan92@davidson-taylor.com,amelia.morgan92@davidson-taylor.com,4,0.0050697084917617,0.0050697084917617,1024.0,0.18299560546875,1,1.0
15.072670249888098,0.9999709823968004,578,579,Jesisia,Jessica,2,0.0012033694344163,0.01323706377858,1.259921049894873,1.0,Owen,Owen,4,0.0073260073260073,0.0073260073260073,1024.0,0.1266357421874999,1974-11-17,1974-11-17,2,1024.0,Walsall,Walsall,1,0.003690036900369,0.003690036900369,1024.0,0.251416015625,jessica.owen@elliott.og,jessica.owen@elliott.org,3,0.0012674271229404,0.0025348542458808,8.0,1.0,1,1.0
22.132562196926354,0.9999997825122484,591,592,Jacob,Jacob,4,0.0192539109506618,0.0192539109506618,1024.0,0.0481842041015624,Riley,Riley,4,0.0061050061050061,0.0061050061050061,1024.0,0.1519628906249999,2012-09-30,2012-09-30,2,1024.0,Liverpool,Liverpool,1,0.040590405904059,0.040590405904059,1024.0,0.0228560014204545,j.riley9@bennett.net,j.riley9@bennett.net,4,0.0038022813688212,0.0038022813688212,1024.0,0.243994140625,0,1.0
1.5169444952183178,0.7410562736459497,624,625,Georege,George,3,0.0012033694344163,0.0144404332129963,8.0,1.0,Davidson,Davidson,4,0.0073260073260073,0.0073260073260073,1024.0,0.1266357421874999,1999-06-06,1999-05-07,0,0.03125,Southampton,Southampton,1,0.008610086100861,0.008610086100861,1024.0,0.1077497209821428,gdavidson@jonnson-browh.com,gdavidson@johnson-brown.com,3,0.0012674271229404,0.0050697084917617,8.0,1.0,1,1.0
17.697374335214665,0.9999952950237312,709,710,Maya,Maya,4,0.0048134777376654,0.0048134777376654,1024.0,0.1927368164062499,Curtis,Curtis,4,0.0048840048840048,0.0048840048840048,1024.0,0.18995361328125,2014-08-28,2014-08-28,2,1024.0,Newcastle-upon-Tyne,Newcastle-upon-Tyne,1,0.022140221402214,0.022140221402214,1024.0,0.0419026692708333,micurtis53@simpson.com,mcurtis53@simpson.com,2,0.0012674271229404,0.0038022813688212,1.259921049894873,1.0,0,1.0
1.4439542391426103,0.7312301488247821,928,929,Luke,Luke,4,0.0060168471720818,0.0060168471720818,1024.0,0.154189453125,,Robinson,-1,,0.0048840048840048,1.0,1.0,1972-10-20,1971-11-18,0,0.03125,Coventry,Coventry,1,0.025830258302583,0.025830258302583,1024.0,0.0359165736607142,lrobinson@wolf.org,lrobinson@wolf.org,4,0.0063371356147021,0.0063371356147021,1024.0,0.146396484375,0,1.0
19.44395423914261,0.9999985978775896,929,932,Luke,Luke,4,0.0060168471720818,0.0060168471720818,1024.0,0.154189453125,Robinson,Robinssno,3,0.0048840048840048,0.0012210012210012,8.0,1.0,1971-11-18,1971-11-18,2,1024.0,Coventry,Coventry,1,0.025830258302583,0.025830258302583,1024.0,0.0359165736607142,lrobinson@wolf.org,lrobinson@wolf.org,4,0.0063371356147021,0.0063371356147021,1024.0,0.146396484375,0,1.0
-0.8514704302664904,0.3565902676651766,979,984,Jessica,aessicJ,1,0.01323706377858,0.0012033694344163,0.1984251314960249,1.0,Miller,Miller,4,0.0048840048840048,0.0048840048840048,1024.0,0.18995361328125,2002-05-21,2011-05-20,0,0.03125,Coventry,Coventry,1,0.025830258302583,0.025830258302583,1024.0,0.0359165736607142,jessica.miller@johnson.com,jessica.miller@johnson.com,4,0.0076045627376425,0.0076045627376425,1024.0,0.1219970703125,1,0.0
-0.5673288909797463,0.4029369980867966,993,996,Emma,Emma,4,0.0048134777376654,0.0048134777376654,1024.0,0.1927368164062499,Lloyd,Lloyd,4,0.0048840048840048,0.0048840048840048,1024.0,0.18995361328125,2028-03-13,2018-04-17,0,0.03125,London,London,1,0.2127921279212792,0.2127921279212792,1024.0,0.0043598152998554,emmallod@jimenez.com,emmalloyd@jimenez.com,2,0.0012674271229404,0.0038022813688212,1.259921049894873,1.0,0,0.0
11.259470481730396,0.9995922588590213,75,77,,Elizabeth,-1,,0.01323706377858,1.0,1.0,Mason,Mason,4,0.0085470085470085,0.0085470085470085,1024.0,0.1085449218749999,1996-12-10,1996-11-10,1,8.0,Leicester,Leicester,1,0.008610086100861,0.008610086100861,1024.0,0.1077497209821428,emason@ware.com,emason@ware.com,4,0.0038022813688212,0.0038022813688212,1024.0,0.243994140625,1,1.0
3.627885407215203,0.9251630705025938,75,78,,Elizabeth,-1,,0.01323706377858,1.0,1.0,Mason,Mason,4,0.0085470085470085,0.0085470085470085,1024.0,0.1085449218749999,1996-12-10,1997-12-10,1,8.0,Leicester,Leicester,1,0.008610086100861,0.008610086100861,1024.0,0.1077497209821428,emason@ware.com,em@aosn@ware.com,2,0.0038022813688212,0.0012674271229404,1.259921049894873,1.0,1,1.0
8.930246943126415,0.997954316405274,355,356,Jayden,Jayden,4,0.0096269554753309,0.0096269554753309,1024.0,0.0963684082031249,Thsomas,Thomas,3,0.0012210012210012,0.0048840048840048,8.0,1.0,2009-03-15,2009-04-15,1,8.0,Mansfield,Mansfield,1,0.009840098400984,0.009840098400984,1024.0,0.0942810058593749,j.t@pierce.biz,j.t@pierceeib.z,3,0.0038022813688212,0.0012674271229404,8.0,1.0,0,1.0
4.276578160630994,0.9509349222235824,760,761,Henry,Henry,4,0.0108303249097472,0.0108303249097472,1024.0,0.0856608072916666,Day,Day,4,0.0048840048840048,0.0048840048840048,1024.0,0.18995361328125,2002-09-15,2002-08-18,0,0.03125,Leeds,Leeds,1,0.020910209102091,0.020910209102091,1024.0,0.0443675321691176,hday48@thomas-carter.com,hday48@thomas-carter.mc,3,0.0038022813688212,0.0012674271229404,8.0,1.0,0,1.0
6.828952048823022,0.9912807870790344,600,601,Toby,Toby,4,0.0048134777376654,0.0048134777376654,1024.0,0.1927368164062499,,Hall,-1,,0.0158730158730158,1.0,1.0,2003-04-23,2003-04-23,2,1024.0,London,London,1,0.2127921279212792,0.2127921279212792,1024.0,0.0043598152998554,toby.d@menhez.com,toby.h@mendez.com,2,0.0012674271229404,0.0012674271229404,1.259921049894873,1.0,0,1.0
1.2485637844613973,0.703795652201888,51,56,Jayden,Jayden,4,0.0096269554753309,0.0096269554753309,1024.0,0.0963684082031249,Bennett,Bennett,4,0.0073260073260073,0.0073260073260073,1024.0,0.1266357421874999,2017-01-11,2017-02-10,0,0.03125,Swansea,Swansea,1,0.015990159901599,0.015990159901599,1024.0,0.0580190805288461,,jb88@king.com,-1,,0.0050697084917617,1.0,1.0,0,1.0
1.4395520982088783,0.7306300396935052,476,477,Popppy,Poppy,3,0.0012033694344163,0.003610108303249,8.0,1.0,Fox,Fox,4,0.0097680097680097,0.0097680097680097,1024.0,0.094976806640625,1982-07-14,1992-07-10,0,0.03125,London,London,1,0.2127921279212792,0.2127921279212792,1024.0,0.0043598152998554,poppy.fox63@rivera.com,poppy.fox63@rivera.com,4,0.0038022813688212,0.0038022813688212,1024.0,0.243994140625,1,1.0
9.017511501417795,0.9980741548619518,683,687,Rosie,Rosie,4,0.0060168471720818,0.0060168471720818,1024.0,0.154189453125,nJohnston,Johnston,1,0.0012210012210012,0.0024420024420024,0.1984251314960249,1.0,1978-10-23,1978-11-23,1,8.0,Sheffield,Sheffield,1,0.008610086100861,0.008610086100861,1024.0,0.1077497209821428,rosiej32@robinson-moran.net,rosiej32@robinson-moran.net,4,0.0050697084917617,0.0050697084917617,1024.0,0.18299560546875,0,1.0
0.0245145989300349,0.5042479540718817,784,785,,Mila,-1,,0.0012033694344163,1.0,1.0,Evans,Evans,4,0.0048840048840048,0.0048840048840048,1024.0,0.18995361328125,1998-09-06,1997-08-07,0,0.03125,London,London,1,0.2127921279212792,0.2127921279212792,1024.0,0.0043598152998554,m.e@ford.com,m.e@ford.com,4,0.0025348542458808,0.0025348542458808,1024.0,0.3659912109375,1,1.0
4.83627166192137,0.9661783745855026,549,552,Riley,Riley,4,0.0060168471720818,0.0060168471720818,1024.0,0.154189453125,King,Kiing,3,0.0122100122100122,0.0012210012210012,8.0,1.0,1985-03-20,1984-04-19,0,0.03125,Aberdeen,Aberdeen,1,0.019680196801968,0.019680196801968,1024.0,0.0471405029296874,riley.k@zavala.com,riley.k@zavala.com,4,0.0063371356147021,0.0063371356147021,1024.0,0.146396484375,0,1.0
11.904609383244036,0.9997392392465362,227,228,Julia,Julia,4,0.003610108303249,0.003610108303249,1024.0,0.256982421875,Smith,Smith,4,0.0134310134310134,0.0134310134310134,1024.0,0.0690740411931818,2004-04-27,2004-04-26,1,8.0,Luton,Luton,1,0.003690036900369,0.003690036900369,1024.0,0.251416015625,,julia.smith@english.org,-1,,0.0025348542458808,1.0,1.0,0,1.0
15.586068005422074,0.9999796709451788,422,425,Alfie,Alfie,4,0.01323706377858,0.01323706377858,1024.0,0.0700861150568181,Robestsr,Roberts,3,0.0012210012210012,0.0073260073260073,8.0,1.0,1995-01-10,1995-01-10,2,1024.0,London,London,1,0.2127921279212792,0.2127921279212792,1024.0,0.0043598152998554,ar20@miller-torres.org,ar20@miller-torres.org,4,0.0050697084917617,0.0050697084917617,1024.0,0.18299560546875,0,1.0
2.364041001881333,0.8373482110602879,835,841,Charlotte,Charlotte,4,0.0072202166064981,0.0072202166064981,1024.0,0.1284912109375,Harper,Harper,4,0.0048840048840048,0.0048840048840048,1024.0,0.18995361328125,2019-02-14,2018-02-12,0,0.03125,Plymouth,Plymouth,1,0.014760147601476,0.014760147601476,1024.0,0.06285400390625,,charper@miller.biz,-1,,0.0050697084917617,1.0,1.0,0,1.0
7.320810949819764,0.9937840383188308,915,917,Darcy,Darcy,4,0.0072202166064981,0.0072202166064981,1024.0,0.1284912109375,Rhodes,Rhodes,4,0.0048840048840048,0.0048840048840048,1024.0,0.18995361328125,1979-01-13,1979-01-14,1,8.0,Birminghma,Birmingham,0,0.001230012300123,0.04920049200492,0.03125,1.0,drhodes16@johnson-robinson.com,drhodes16@johnson-robinson.com,4,0.0038022813688212,0.0038022813688212,1024.0,0.243994140625,1,1.0
14.005362494481878,0.9999391949876628,172,174,Leah,Leah,4,0.0024067388688327,0.0024067388688327,1024.0,0.3854736328124999,Russell,Russell,4,0.0122100122100122,0.0122100122100122,1024.0,0.0759814453124999,2012-07-06,2012-07-09,1,8.0,London,London,1,0.2127921279212792,0.2127921279212792,1024.0,0.0043598152998554,leahrussell@charles.net,leahrussell@charles.net,4,0.0063371356147021,0.0063371356147021,1024.0,0.146396484375,0,1.0
5.133500120634791,0.9723010543799364,32,34,Lola,Lola,4,0.0096269554753309,0.0096269554753309,1024.0,0.0963684082031249,Brown,Brown,4,0.0085470085470085,0.0085470085470085,1024.0,0.1085449218749999,1983-11-06,1983-11-06,2,1024.0,Bradford,Bradfofrd,0,0.011070110701107,0.001230012300123,0.03125,1.0,lola.b@martinesz-jone.net,,-1,0.0012674271229404,,1.0,1.0,1,1.0
3.904609383244036,0.9374072865115616,226,227,Julia,Julia,4,0.003610108303249,0.003610108303249,1024.0,0.256982421875,Smith,Smith,4,0.0134310134310134,0.0134310134310134,1024.0,0.0690740411931818,2014-05-24,2004-04-27,0,0.03125,Luton,Luton,1,0.003690036900369,0.003690036900369,1024.0,0.251416015625,julia.smith@english.org,,-1,0.0025348542458808,,1.0,1.0,0,1.0
7.355892541971238,0.9939324610276674,386,387,Lottie,Lottie,4,0.003610108303249,0.003610108303249,1024.0,0.256982421875,Davis,Davis,4,0.0048840048840048,0.0048840048840048,1024.0,0.18995361328125,1972-06-12,1972-06-12,2,1024.0,StSockton-on-Tees,Stockton-onsTee-,0,0.001230012300123,0.001230012300123,0.03125,1.0,lottie.d7@morgan-pierce.com,,-1,0.0050697084917617,,1.0,1.0,1,1.0
6.000612101636082,0.9846218102047652,390,393,Icsac,Isaac,2,0.0012033694344163,0.0060168471720818,1.259921049894873,1.0,James,James,4,0.0085470085470085,0.0085470085470085,1024.0,0.1085449218749999,1991-05-06,1991-05-06,2,1024.0,London,London,1,0.2127921279212792,0.2127921279212792,1024.0,0.0043598152998554,isaac.james@smith.com,,-1,0.0025348542458808,,1.0,1.0,1,1.0
-0.4856247250342354,0.4166333265469537,534,535,Gregory,Gregory,4,0.0024067388688327,0.0024067388688327,1024.0,0.3854736328124999,Freddie,Freddie,4,0.0073260073260073,0.0073260073260073,1024.0,0.1266357421874999,1974-02-28,1975-03-31,0,0.03125,London,London,1,0.2127921279212792,0.2127921279212792,1024.0,0.0043598152998554,freddiegregory71@jensen.info,,-1,0.0050697084917617,,1.0,1.0,0,0.0
16.141648580544885,0.9999861683627442,583,585,Olivia,Olivia,4,0.0168471720818291,0.0168471720818291,1024.0,0.0550676618303571,Edwards,Edwards,4,0.0097680097680097,0.0097680097680097,1024.0,0.094976806640625,1988-11-27,1988-11-27,2,1024.0,Dudley,Dudley,1,0.007380073800738,0.007380073800738,1024.0,0.1257080078125,,,-1,,,1.0,1.0,0,1.0
1.1416485805448853,0.688116942196342,585,587,Olivia,Olivia,4,0.0168471720818291,0.0168471720818291,1024.0,0.0550676618303571,Edwards,Edwards,4,0.0097680097680097,0.0097680097680097,1024.0,0.094976806640625,1988-11-27,1998-12-25,0,0.03125,Dudley,Dudley,1,0.007380073800738,0.007380073800738,1024.0,0.1257080078125,,,-1,,,1.0,1.0,0,1.0
16.971723579102573,0.999992219656962,606,609,Amelia,Amelia,4,0.0108303249097472,0.0108303249097472,1024.0,0.0856608072916666,Porter,Porter,4,0.0036630036630036,0.0036630036630036,1024.0,0.2532714843749999,2013-08-07,2013-08-07,2,1024.0,Portsmouth,Portsmouth,1,0.017220172201722,0.017220172201722,1024.0,0.0538748604910714,ameiiap@nlcholson.orrg,,-1,0.0012674271229404,,1.0,1.0,0,1.0
1.4439542391426103,0.7312301488247821,930,933,Luke,Luke,4,0.0060168471720818,0.0060168471720818,1024.0,0.154189453125,Robinnso,,-1,0.0012210012210012,,1.0,1.0,1981-10-18,1971-11-18,0,0.03125,Coventry,Coventry,1,0.025830258302583,0.025830258302583,1024.0,0.0359165736607142,lrobinson@wolf.org,lrobinson@wolf.org,4,0.0063371356147021,0.0063371356147021,1024.0,0.146396484375,0,1.0
2.350844834751129,0.8360985928651279,798,804,Arlo,Arlo,4,0.0060168471720818,0.0060168471720818,1024.0,0.154189453125,West,,-1,0.0048840048840048,,1.0,1.0,2007-02-17,2007-01-20,0,0.03125,Southend-on-Sea,Southend-on-Sea,1,0.017220172201722,0.017220172201722,1024.0,0.0538748604910714,aw@thompson.com,aw@thompson.com,4,0.0050697084917617,0.0050697084917617,1024.0,0.18299560546875,0,1.0
10.220227438301956,0.9991623915356632,181,185,Freddie,,-1,0.0180505415162454,,1.0,1.0,Holmes,Holmes,4,0.0061050061050061,0.0061050061050061,1024.0,0.1519628906249999,1992-10-02,1992-10-02,2,1024.0,Kingston-upon-Hull,Kingston-upon-Hull,1,0.015990159901599,0.015990159901599,1024.0,0.0580190805288461,fholmes@duncan.com,fhoelmes@duacnn.com,2,0.0050697084917617,0.0012674271229404,1.259921049894873,1.0,1,1.0
-1.3678028238487256,0.2792693680977079,409,410,Emily,,-1,0.0024067388688327,,1.0,1.0,Atkinson,Atkinson,4,0.0085470085470085,0.0085470085470085,1024.0,0.1085449218749999,2017-05-03,2017-06-02,0,0.03125,London,London,1,0.2127921279212792,0.2127921279212792,1024.0,0.0043598152998554,emilya@roberts.com,emilya@roberts.com,4,0.0038022813688212,0.0038022813688212,1024.0,0.243994140625,1,0.0
5.474633690360353,0.9780055868050118,435,436,Hugo,,-1,0.0048134777376654,,1.0,1.0,Kaur,Kaur,4,0.0097680097680097,0.0097680097680097,1024.0,0.094976806640625,1973-03-23,1973-03-23,2,1024.0,London,London,1,0.2127921279212792,0.2127921279212792,1024.0,0.0043598152998554,,h.k@sharp.com,-1,,0.0038022813688212,1.0,1.0,1,1.0
2.316150957365827,0.8327764231313405,798,803,Arlo,,-1,0.0060168471720818,,1.0,1.0,West,West,4,0.0048840048840048,0.0048840048840048,1024.0,0.18995361328125,2007-02-17,2007-02-17,2,1024.0,Southend-on-Sea,Southena-on-Sed,0,0.017220172201722,0.002460024600246,0.03125,1.0,aw@thompson.com,aw@thpmoson.com,3,0.0050697084917617,0.0012674271229404,8.0,1.0,1,1.0
0.5078581115997878,0.5871074391688001,872,877,Freddie,,-1,0.0180505415162454,,1.0,1.0,Bradley,Bradley,4,0.0061050061050061,0.0061050061050061,1024.0,0.1519628906249999,2020-05-20,2019-05-23,0,0.03125,Liverpool,Liverpool,1,0.040590405904059,0.040590405904059,1024.0,0.0228560014204545,fb@nelson.com,fb@nelson.com,4,0.0076045627376425,0.0076045627376425,1024.0,0.1219970703125,1,1.0
-0.777824323839216,0.3683860952899297,79,83,Ryan,Ran,3,0.0060168471720818,0.0012033694344163,8.0,1.0,Cole,Cole,4,0.0061050061050061,0.0061050061050061,1024.0,0.1519628906249999,1987-05-25,1988-06-27,0,0.03125,Brritsol,,-1,0.001230012300123,,1.0,1.0,r.cole1@ramirez-anthony.com,r.cole1@ramirez-anthony.com,4,0.0063371356147021,0.0063371356147021,1024.0,0.146396484375,1,0.0
11.444477697105372,0.9996413150738974,155,158,Auutsin,Austin,2,0.0012033694344163,0.0024067388688327,1.259921049894873,1.0,Wright,Wright,4,0.0109890109890109,0.0109890109890109,1024.0,0.0844238281249999,1993-03-27,1993-03-27,2,1024.0,Manchester,,-1,0.020910209102091,,1.0,1.0,a.wright42@estrada.org,a.wright42@estrada.org,4,0.0038022813688212,0.0038022813688212,1024.0,0.243994140625,1,1.0
14.696106864493196,0.9999623283490546,327,329,Kai,KKai,3,0.0060168471720818,0.0012033694344163,8.0,1.0,Turner,Turner,4,0.0073260073260073,0.0073260073260073,1024.0,0.1266357421874999,2008-12-03,2008-12-03,2,1024.0,Londo,,-1,0.004920049200492,,1.0,1.0,k.t50@hernandez.com,k.t50@hernandez.com,4,0.0038022813688212,0.0038022813688212,1024.0,0.243994140625,1,1.0
9.07049032310899,0.9981434643002944,398,403,James,James,4,0.0156438026474127,0.0156438026474127,1024.0,0.0593036358173076,Dixon,Dixon,4,0.0109890109890109,0.0109890109890109,1024.0,0.0844238281249999,1991-04-12,1991-04-12,2,1024.0,London,,-1,0.2127921279212792,,1.0,1.0,,james.d@merritt-scott.com,-1,,0.0063371356147021,1.0,1.0,1,1.0
1.846879761487352,0.7824769255449981,638,639,Jacob,Jacob,4,0.0192539109506618,0.0192539109506618,1024.0,0.0481842041015624,Adams,Adams,4,0.0061050061050061,0.0061050061050061,1024.0,0.1519628906249999,1990-10-06,1990-11-07,0,0.03125,London,,-1,0.2127921279212792,,1.0,1.0,jacob.a83@clark.com,jacob.a83@clark.com,4,0.0063371356147021,0.0063371356147021,1024.0,0.146396484375,1,1.0
0.2810693652143526,0.5485521370409403,710,711,Maya,Mayya,3,0.0048134777376654,0.0012033694344163,8.0,1.0,Curtis,Curtis,4,0.0048840048840048,0.0048840048840048,1024.0,0.18995361328125,2014-08-28,2014-09-27,0,0.03125,Newcastle-upon-Tyne,,-1,0.022140221402214,,1.0,1.0,mcurtis53@simpson.com,mcurtis53@simpson.com,4,0.0038022813688212,0.0038022813688212,1024.0,0.243994140625,1,1.0
18.90577345054092,0.9999979639229164,731,733,Evelyn,Evelyn,4,0.0048134777376654,0.0048134777376654,1024.0,0.1927368164062499,May,May,4,0.0097680097680097,0.0097680097680097,1024.0,0.094976806640625,1976-11-17,1976-11-17,2,1024.0,Portstmouth,,-1,0.001230012300123,,1.0,1.0,evelynm@page.com,evelynm@page.com,4,0.0038022813688212,0.0038022813688212,1024.0,0.243994140625,1,1.0
14.033964447083877,0.9999403885269644,824,825,Noah,Noah,4,0.0072202166064981,0.0072202166064981,1024.0,0.1284912109375,Rogers,Rogers,4,0.0061050061050061,0.0061050061050061,1024.0,0.1519628906249999,2011-04-07,2011-04-07,2,1024.0,Swindon,,-1,0.01230012300123,,1.0,1.0,noahr@hudson-broow.net,noahr@hudson-brown.net,3,0.0012674271229404,0.0025348542458808,8.0,1.0,1,1.0
14.033964447083877,0.9999403885269644,325,328,Kai,Kai,4,0.0060168471720818,0.0060168471720818,1024.0,0.154189453125,Turner,Turner,4,0.0073260073260073,0.0073260073260073,1024.0,0.1266357421874999,2008-12-03,2008-12-03,2,1024.0,London,,-1,0.2127921279212792,,1.0,1.0,k.t50@hernandez.com,k.t50@her.andezncodm,3,0.0038022813688212,0.0012674271229404,8.0,1.0,1,1.0
-1.268811543355329,0.293286968321954,53,55,Jayden,,-1,0.0096269554753309,,1.0,1.0,Bennett,Bennett,4,0.0073260073260073,0.0073260073260073,1024.0,0.1266357421874999,2017-01-11,2017-01-11,2,1024.0,Swwanea,Swansea,0,0.001230012300123,0.015990159901599,0.03125,1.0,jb88@king.com,,-1,0.0050697084917617,,1.0,1.0,1,0.0
-0.4990228775888372,0.4143779099404648,588,591,Jacob,Jacob,4,0.0192539109506618,0.0192539109506618,1024.0,0.0481842041015624,Riley,Riley,4,0.0061050061050061,0.0061050061050061,1024.0,0.1519628906249999,2012-10-01,2012-09-30,0,0.03125,Liverpool,Liverpool,1,0.040590405904059,0.040590405904059,1024.0,0.0228560014204545,j.riley9tbennett.ne@,j.riley9@bennett.net,2,0.0012674271229404,0.0038022813688212,1.259921049894873,1.0,0,0.0
18.248339247974418,0.9999967885503264,137,141,James,James,4,0.0156438026474127,0.0156438026474127,1024.0,0.0593036358173076,Campbell,Campbell,4,0.0158730158730158,0.0158730158730158,1024.0,0.058447265625,2011-10-10,2011-10-10,2,1024.0,London,London,1,0.2127921279212792,0.2127921279212792,1024.0,0.0043598152998554,jc@herring.info,jc@herring.info,4,0.0050697084917617,0.0050697084917617,1024.0,0.18299560546875,0,1.0
17.000347587666997,0.999992372501572,395,397,Evie,Evie,4,0.0084235860409145,0.0084235860409145,1024.0,0.1101353236607142,Davidson,,-1,0.0073260073260073,,1.0,1.0,1982-07-18,1982-07-18,2,1024.0,Leeds,Leeds,1,0.020910209102091,0.020910209102091,1024.0,0.0443675321691176,evied62@bishop.info,evied62@bishop.info,4,0.0038022813688212,0.0038022813688212,1024.0,0.243994140625,0,1.0
12.175359440962945,0.9997838487671964,142,147,Harry,Harry,4,0.0108303249097472,0.0108303249097472,1024.0,0.0856608072916666,,May,-1,,0.0097680097680097,1.0,1.0,1987-10-28,1987-10-28,2,1024.0,Cardiff,Cardiff,1,0.014760147601476,0.014760147601476,1024.0,0.06285400390625,hmay32@richardson-rhodes.com,hmay32@richardson--rhodes.com,3,0.0038022813688212,0.0012674271229404,8.0,1.0,0,1.0
1.7603219416841014,0.772092090727702,899,904,Aria,Aria,4,0.0024067388688327,0.0024067388688327,1024.0,0.3854736328124999,Cros,Cross,3,0.0012210012210012,0.0036630036630036,8.0,1.0,2009-02-10,2000-01-14,0,0.03125,Newcastle-upon-Tyne,Newcastle-upon-Tyne,1,0.022140221402214,0.022140221402214,1024.0,0.0419026692708333,a.cross58@browning-nguyeyn.com,a.cross58@browning-nguyen.com,3,0.0012674271229404,0.0050697084917617,8.0,1.0,0,1.0
13.916216607114404,0.9999353195126088,110,114,Oliver,Oliver,4,0.0336943441636582,0.0336943441636582,1024.0,0.0275338309151785,Atkinnos,Atkinson,3,0.0012210012210012,0.0085470085470085,8.0,1.0,2009-12-21,2009-12-21,2,1024.0,London,London,1,0.2127921279212792,0.2127921279212792,1024.0,0.0043598152998554,oliver.atkinson@moran-smith.com,oliver.atkinson@moran-smith.com,4,0.0063371356147021,0.0063371356147021,1024.0,0.146396484375,0,1.0
8.154588503256354,0.9965029419347136,182,186,Freddie,Freddie,4,0.0180505415162454,0.0180505415162454,1024.0,0.0513964843749999,Holmes,Holmes,4,0.0061050061050061,0.0061050061050061,1024.0,0.1519628906249999,1993-10-02,1993-11-03,0,0.03125,Kingston-upon-Hull,Kingston-upon-Hull,1,0.015990159901599,0.015990159901599,1024.0,0.0580190805288461,fholmes@duncan.com,fholmes@duncan.com,4,0.0050697084917617,0.0050697084917617,1024.0,0.18299560546875,0,1.0
2.5969136097930803,0.8581542115932378,274,279,Lola,Lola,4,0.0096269554753309,0.0096269554753309,1024.0,0.0963684082031249,aTlylor,Taylor,1,0.0012210012210012,0.017094017094017,0.1984251314960249,1.0,2016-11-20,2017-11-20,1,8.0,Aberdeen,Aberdeen,1,0.019680196801968,0.019680196801968,1024.0,0.0471405029296874,lolat86@bishop-gilees.com,lolat86@bishop-giles.com,3,0.0012674271229404,0.0025348542458808,8.0,1.0,0,1.0
9.59691360979308,0.9987103238249684,274,280,Lola,Lola,4,0.0096269554753309,0.0096269554753309,1024.0,0.0963684082031249,aTlylor,Taylor,1,0.0012210012210012,0.017094017094017,0.1984251314960249,1.0,2016-11-20,2016-11-20,2,1024.0,Aberdeen,Aberdeen,1,0.019680196801968,0.019680196801968,1024.0,0.0471405029296874,lolat86@bishop-gilees.com,lolat86@bishop-giles.com,3,0.0012674271229404,0.0025348542458808,8.0,1.0,0,1.0
4.522504887564189,0.9583040662264912,375,377,Eliza,Eiza,3,0.0060168471720818,0.0012033694344163,8.0,1.0,Taylor,Taylor,4,0.017094017094017,0.017094017094017,1024.0,0.0542724609374999,1993-02-08,1984-02-10,0,0.03125,Glasgow,Glasgow,1,0.008610086100861,0.008610086100861,1024.0,0.1077497209821428,elizataylor@marshall.com,elizataylor@marshall.com,4,0.0063371356147021,0.0063371356147021,1024.0,0.146396484375,1,1.0
8.474633690360353,0.9971967494817116,435,437,Hugo,Hug,3,0.0048134777376654,0.0012033694344163,8.0,1.0,Kaur,Kaur,4,0.0097680097680097,0.0097680097680097,1024.0,0.094976806640625,1973-03-23,1973-03-23,2,1024.0,London,London,1,0.2127921279212792,0.2127921279212792,1024.0,0.0043598152998554,,h.k@sharp.com,-1,,0.0038022813688212,1.0,1.0,1,1.0
9.072670249888098,0.99814626222992,465,467,Amrbr,Amber,2,0.0012033694344163,0.0024067388688327,1.259921049894873,1.0,Dixon,Dixon,4,0.0109890109890109,0.0109890109890109,1024.0,0.0844238281249999,1995-06-21,1995-06-21,2,1024.0,Aberdeen,Aberdeen,1,0.019680196801968,0.019680196801968,1024.0,0.0471405029296874,,ad29@jones.biz,-1,,0.0038022813688212,1.0,1.0,1,1.0
-0.9545003759406292,0.3403782098117699,503,504,Finley,Finley,4,0.0048134777376654,0.0048134777376654,1024.0,0.1927368164062499,,Jones,-1,,0.028083028083028,1.0,1.0,1973-04-10,1972-04-09,0,0.03125,London,London,1,0.2127921279212792,0.2127921279212792,1024.0,0.0043598152998554,f.j@sharp.com,f.j@sharp.com,4,0.0050697084917617,0.0050697084917617,1024.0,0.18299560546875,0,0.0
2.95107173430334,0.8854948714071009,506,507,FFinley,Finley,3,0.0012033694344163,0.0048134777376654,8.0,1.0,Jones,Jones,4,0.028083028083028,0.028083028083028,1024.0,0.0330354110054347,1972-04-09,1972-04-07,1,8.0,London,London,1,0.2127921279212792,0.2127921279212792,1024.0,0.0043598152998554,f.j@sharp.com,f.j@sharp.moc,3,0.0050697084917617,0.0012674271229404,8.0,1.0,1,1.0
8.281069365214353,0.9967955329671876,514,520,Amelia,AmelAia,3,0.0108303249097472,0.0012033694344163,8.0,1.0,Morgan,Morgan,4,0.0146520146520146,0.0146520146520146,1024.0,0.0633178710937499,2011-05-26,2011-05-26,2,1024.0,Swindon,Swinon,0,0.01230012300123,0.001230012300123,0.03125,1.0,amelia.morgan92@davidson-taylor.com,amelia.morgan92@davidson-taylor.com,4,0.0050697084917617,0.0050697084917617,1024.0,0.18299560546875,1,1.0
-0.4990228775888372,0.4143779099404648,588,592,Jacob,Jacob,4,0.0192539109506618,0.0192539109506618,1024.0,0.0481842041015624,Riley,Riley,4,0.0061050061050061,0.0061050061050061,1024.0,0.1519628906249999,2012-10-01,2012-09-30,0,0.03125,Liverpool,Liverpool,1,0.040590405904059,0.040590405904059,1024.0,0.0228560014204545,j.riley9tbennett.ne@,j.riley9@bennett.net,2,0.0012674271229404,0.0038022813688212,1.259921049894873,1.0,0,0.0
-0.6948526871722354,0.3818660754605822,855,859,Theodore,Theodore,4,0.0120336943441636,0.0120336943441636,1024.0,0.0770947265625,Marshall,Marshall,4,0.0073260073260073,0.0073260073260073,1024.0,0.1266357421874999,1982-07-23,1972-07-25,0,0.03125,Birmingham,Birmingham,1,0.04920049200492,0.04920049200492,1024.0,0.018856201171875,,theodore.m@taylorcom,-1,,0.0012674271229404,1.0,1.0,0,0.0
13.081415373874972,0.9998846409996318,890,893,Ivy,Iyvv,1,0.0048134777376654,0.0012033694344163,0.1984251314960249,1.0,Lee,Lee,4,0.0097680097680097,0.0097680097680097,1024.0,0.094976806640625,1996-05-31,1996-05-31,2,1024.0,Liverpool,Liverpool,1,0.040590405904059,0.040590405904059,1024.0,0.0228560014204545,ivy.lee@carson-williams.info,ivy.lee@carson-williams.info,4,0.0050697084917617,0.0050697084917617,1024.0,0.18299560546875,1,1.0
1.5134560277621596,0.7405920046076457,950,952,George,George,4,0.0144404332129963,0.0144404332129963,1024.0,0.06424560546875,Davies,Davies,4,0.017094017094017,0.017094017094017,1024.0,0.0542724609374999,2005-07-23,2004-06-23,0,0.03125,,Middlesbrough,-1,,0.003690036900369,1.0,1.0,gdavies72@conner-rose.com,gdavies72@conner-rose.com,4,0.0038022813688212,0.0038022813688212,1024.0,0.243994140625,1,1.0
5.533966003323646,0.978873059269198,353,356,Jayden,Jayden,4,0.0096269554753309,0.0096269554753309,1024.0,0.0963684082031249,Thomas,Thomas,4,0.0048840048840048,0.0048840048840048,1024.0,0.18995361328125,2010-02-12,2009-04-15,0,0.03125,Mansfield,Mansfield,1,0.009840098400984,0.009840098400984,1024.0,0.0942810058593749,j.t@pierce.bi,j.t@pierceeib.z,3,0.0012674271229404,0.0012674271229404,8.0,1.0,0,1.0
4.240415324551303,0.9497520846552996,941,943,Isabelle,Isabelle,4,0.0096269554753309,0.0096269554753309,1024.0,0.0963684082031249,Hall,Hall,4,0.0158730158730158,0.0158730158730158,1024.0,0.058447265625,1984-11-20,1984-11-20,2,1024.0,Swansea,Snawea,0,0.015990159901599,0.001230012300123,0.03125,1.0,,isa.gelleh97@lewis-gregorybcom,-1,,0.0012674271229404,1.0,1.0,1,1.0
-0.8108284457691444,0.3630794015701923,378,379,Eliza,Ezia,1,0.0060168471720818,0.0012033694344163,0.1984251314960249,1.0,Taylor,Taylor,4,0.017094017094017,0.017094017094017,1024.0,0.0542724609374999,1983-12-15,1983-01-12,0,0.03125,Glasgow,Glasgow,1,0.008610086100861,0.008610086100861,1024.0,0.1077497209821428,elizataylor@marshall.com,elizataylor@marshall.com,4,0.0063371356147021,0.0063371356147021,1024.0,0.146396484375,1,0.0
9.49561871548969,0.9986166478763694,599,601,Toby,Toby,4,0.0048134777376654,0.0048134777376654,1024.0,0.1927368164062499,Haall,Hall,3,0.0012210012210012,0.0158730158730158,8.0,1.0,2003-04-23,2003-04-23,2,1024.0,London,London,1,0.2127921279212792,0.2127921279212792,1024.0,0.0043598152998554,,toby.h@mendez.com,-1,,0.0012674271229404,1.0,1.0,0,1.0
9.779978901052113,0.9988638405488096,619,622,,Olvilia,-1,,0.0012033694344163,1.0,1.0,Davies,Davies,4,0.017094017094017,0.017094017094017,1024.0,0.0542724609374999,2000-01-09,2000-01-09,2,1024.0,Birmingham,Birmingham,1,0.04920049200492,0.04920049200492,1024.0,0.018856201171875,od@holloway.info,od@holl.wayoinfo,3,0.0038022813688212,0.0012674271229404,8.0,1.0,1,1.0
1.0993377756869207,0.6817884226124283,433,434,Hugo,Hugo,4,0.0048134777376654,0.0048134777376654,1024.0,0.1927368164062499,Kaur,Kaur,4,0.0097680097680097,0.0097680097680097,1024.0,0.094976806640625,1973-03-23,1983-04-20,0,0.03125,London,London,1,0.2127921279212792,0.2127921279212792,1024.0,0.0043598152998554,h.k@shhrp.com,h.k@sharp.com,3,0.0012674271229404,0.0038022813688212,8.0,1.0,0,1.0
8.79844469303108,0.9977590616292396,54,56,Jayden,Jayden,4,0.0096269554753309,0.0096269554753309,1024.0,0.0963684082031249,Bennett,Bennett,4,0.0073260073260073,0.0073260073260073,1024.0,0.1266357421874999,2017-01-11,2017-02-10,0,0.03125,Swansea,Swansea,1,0.015990159901599,0.015990159901599,1024.0,0.0580190805288461,jb88@king.com,jb88@king.com,4,0.0050697084917617,0.0050697084917617,1024.0,0.18299560546875,0,1.0
13.023356347517897,0.9998799044445305,823,824,Noah,Noah,4,0.0072202166064981,0.0072202166064981,1024.0,0.1284912109375,,Rogers,-1,,0.0061050061050061,1.0,1.0,2011-04-07,2011-04-07,2,1024.0,Swindon,Swindon,1,0.01230012300123,0.01230012300123,1024.0,0.0754248046875,noahr@hudsn-brohwn.net,noahr@hudson-broow.net,3,0.0012674271229404,0.0012674271229404,8.0,1.0,0,1.0
12.454490291813718,0.9998218657326768,226,228,Julia,Julia,4,0.003610108303249,0.003610108303249,1024.0,0.256982421875,Smith,Smith,4,0.0134310134310134,0.0134310134310134,1024.0,0.0690740411931818,2014-05-24,2004-04-26,0,0.03125,Luton,Luton,1,0.003690036900369,0.003690036900369,1024.0,0.251416015625,julia.smith@english.org,julia.smith@english.org,4,0.0025348542458808,0.0025348542458808,1024.0,0.3659912109375,0,1.0
6.6728591004337625,0.9902941523840332,758,760,Henry,Henry,4,0.0108303249097472,0.0108303249097472,1024.0,0.0856608072916666,Dy,Day,0,0.0012210012210012,0.0048840048840048,0.03125,1.0,2002-09-15,2002-09-15,2,1024.0,Leeds,Leeds,1,0.020910209102091,0.020910209102091,1024.0,0.0443675321691176,hday48@homas-carter.com,hday48@thomas-carter.com,3,0.0012674271229404,0.0038022813688212,8.0,1.0,0,1.0
8.807967023693687,0.9977737711407448,476,480,Popppy,Poppy,3,0.0012033694344163,0.003610108303249,8.0,1.0,Fox,Fox,4,0.0097680097680097,0.0097680097680097,1024.0,0.094976806640625,1982-07-14,1982-07-14,2,1024.0,London,London,1,0.2127921279212792,0.2127921279212792,1024.0,0.0043598152998554,poppy.fox63@rivera.com,poppy.foox63@rcvera.iom,2,0.0038022813688212,0.0012674271229404,1.259921049894873,1.0,1,1.0
1.404682986378679,0.7258468303543428,244,248,Joshua,Joshua,4,0.0060168471720818,0.0060168471720818,1024.0,0.154189453125,Williams,Williams,4,0.0097680097680097,0.0097680097680097,1024.0,0.094976806640625,2002-08-08,2012-08-05,0,0.03125,Portsmouth,Portsmouth,1,0.017220172201722,0.017220172201722,1024.0,0.0538748604910714,j.williams@levine-johnson.com,,-1,0.0076045627376425,,1.0,1.0,0,1.0
1.1416485805448853,0.688116942196342,583,587,Olivia,Olivia,4,0.0168471720818291,0.0168471720818291,1024.0,0.0550676618303571,Edwards,Edwards,4,0.0097680097680097,0.0097680097680097,1024.0,0.094976806640625,1988-11-27,1998-12-25,0,0.03125,Dudley,Dudley,1,0.007380073800738,0.007380073800738,1024.0,0.1257080078125,,,-1,,,1.0,1.0,0,1.0
4.655452823830147,0.96183463093298,659,660,Charlie,Charlie,4,0.0072202166064981,0.0072202166064981,1024.0,0.1284912109375,Hall,Hall,4,0.0158730158730158,0.0158730158730158,1024.0,0.058447265625,2018-06-26,2018-06-26,2,1024.0,Birmingham,Biriminghm,0,0.04920049200492,0.001230012300123,0.03125,1.0,charlieh@sandoval-sanders.info,,-1,0.0025348542458808,,1.0,1.0,1,1.0
-0.6948526871722354,0.3818660754605822,855,860,Theodore,Theodore,4,0.0120336943441636,0.0120336943441636,1024.0,0.0770947265625,Marshall,Marshall,4,0.0073260073260073,0.0073260073260073,1024.0,0.1266357421874999,1982-07-23,1972-07-25,0,0.03125,Birmingham,Birmingham,1,0.04920049200492,0.04920049200492,1024.0,0.018856201171875,,,-1,,,1.0,1.0,0,0.0
-1.9006622243130795,0.2112447490165785,434,435,Hugo,Hugo,4,0.0048134777376654,0.0048134777376654,1024.0,0.1927368164062499,Kaur,Kaur,4,0.0097680097680097,0.0097680097680097,1024.0,0.094976806640625,1983-04-20,1973-03-23,0,0.03125,London,London,1,0.2127921279212792,0.2127921279212792,1024.0,0.0043598152998554,h.k@sharp.com,,-1,0.0038022813688212,,1.0,1.0,0,0.0
16.44395423914261,0.9999887831308092,929,933,Luke,Luke,4,0.0060168471720818,0.0060168471720818,1024.0,0.154189453125,Robinson,,-1,0.0048840048840048,,1.0,1.0,1971-11-18,1971-11-18,2,1024.0,Coventry,Coventry,1,0.025830258302583,0.025830258302583,1024.0,0.0359165736607142,lrobinson@wolf.org,lrobinson@wolf.org,4,0.0063371356147021,0.0063371356147021,1024.0,0.146396484375,0,1.0
-1.5604479017911217,0.2531995571256313,434,436,Hugo,,-1,0.0048134777376654,,1.0,1.0,Kaur,Kaur,4,0.0097680097680097,0.0097680097680097,1024.0,0.094976806640625,1983-04-20,1973-03-23,0,0.03125,London,London,1,0.2127921279212792,0.2127921279212792,1024.0,0.0043598152998554,h.k@sharp.com,h.k@sharp.com,4,0.0038022813688212,0.0038022813688212,1024.0,0.243994140625,1,0.0
-0.2074109986911857,0.464120190755009,506,508,FFinley,,-1,0.0012033694344163,,1.0,1.0,Jones,Jones,4,0.028083028083028,0.028083028083028,1024.0,0.0330354110054347,1972-04-09,1972-04-09,2,1024.0,London,Loodnn,0,0.2127921279212792,0.002460024600246,0.03125,1.0,f.j@sharp.com,f.j@shrarp.com,3,0.0050697084917617,0.0012674271229404,8.0,1.0,1,0.0
-1.3505157093008398,0.281687551490248,731,734,Evelyn,,-1,0.0048134777376654,,1.0,1.0,May,May,4,0.0097680097680097,0.0097680097680097,1024.0,0.094976806640625,1976-11-17,1976-11-17,2,1024.0,Portstmouth,Portsmouh,0,0.001230012300123,0.001230012300123,0.03125,1.0,evelynm@page.com,evlynnm@pagm.coe,2,0.0038022813688212,0.0012674271229404,1.259921049894873,1.0,1,0.0
14.696106864493196,0.9999623283490546,325,329,Kai,KKai,3,0.0060168471720818,0.0012033694344163,8.0,1.0,Turner,Turner,4,0.0073260073260073,0.0073260073260073,1024.0,0.1266357421874999,2008-12-03,2008-12-03,2,1024.0,London,,-1,0.2127921279212792,,1.0,1.0,k.t50@hernandez.com,k.t50@hernandez.com,4,0.0038022813688212,0.0038022813688212,1024.0,0.243994140625,1,1.0
16.29844313679131,0.9999875927839498,402,403,James,James,4,0.0156438026474127,0.0156438026474127,1024.0,0.0593036358173076,Dixon,Dixon,4,0.0109890109890109,0.0109890109890109,1024.0,0.0844238281249999,1991-04-12,1991-04-12,2,1024.0,Loodnon,,-1,0.001230012300123,,1.0,1.0,james.d@merritt-scott.com,james.d@merritt-scott.com,4,0.0063371356147021,0.0063371356147021,1024.0,0.146396484375,1,1.0
5.0984185284833154,0.9716385881355776,409,411,Emily,Emily,4,0.0024067388688327,0.0024067388688327,1024.0,0.3854736328124999,Atkinson,Atkinson,4,0.0085470085470085,0.0085470085470085,1024.0,0.1085449218749999,2017-05-03,2008-05-05,0,0.03125,London,,-1,0.2127921279212792,,1.0,1.0,emilya@roberts.com,emilya@roberts.com,4,0.0038022813688212,0.0038022813688212,1024.0,0.243994140625,1,1.0
2.320810949819764,0.8332257575225938,625,629,George,George,4,0.0144404332129963,0.0144404332129963,1024.0,0.06424560546875,Davidson,Davidson,4,0.0073260073260073,0.0073260073260073,1024.0,0.1266357421874999,1999-05-07,2000-05-06,0,0.03125,Southampton,,-1,0.008610086100861,,1.0,1.0,gdavidson@johnson-brown.com,gdavidson@johnson-brown.com,4,0.0050697084917617,0.0050697084917617,1024.0,0.18299560546875,1,1.0
1.846879761487352,0.7824769255449981,637,639,Jacob,Jacob,4,0.0192539109506618,0.0192539109506618,1024.0,0.0481842041015624,Adams,Adams,4,0.0061050061050061,0.0061050061050061,1024.0,0.1519628906249999,2000-09-03,1990-11-07,0,0.03125,Lonnod,,-1,0.007380073800738,,1.0,1.0,jacob.a83@clark.com,jacob.a83@clark.com,4,0.0063371356147021,0.0063371356147021,1024.0,0.146396484375,1,1.0
-1.8537740440764852,0.2167107963714415,465,469,Amrbr,,-1,0.0012033694344163,,1.0,1.0,Dixon,Dixon,4,0.0109890109890109,0.0109890109890109,1024.0,0.0844238281249999,1995-06-21,1995-06-21,2,1024.0,Aberdeen,Anberden,0,0.019680196801968,0.001230012300123,0.03125,1.0,,,-1,,,1.0,1.0,1,0.0
11.03179167273807,0.9995225890079352,139,141,James,James,4,0.0156438026474127,0.0156438026474127,1024.0,0.0593036358173076,Campbell,Campbell,4,0.0158730158730158,0.0158730158730158,1024.0,0.058447265625,2011-10-10,2011-10-10,2,1024.0,London,London,1,0.2127921279212792,0.2127921279212792,1024.0,0.0043598152998554,joc@hrning.irfo,jc@herring.info,2,0.0012674271229404,0.0050697084917617,1.259921049894873,1.0,0,1.0
18.77907850116018,0.9999977770324924,144,147,Harry,Harry,4,0.0108303249097472,0.0108303249097472,1024.0,0.0856608072916666,May,May,4,0.0097680097680097,0.0097680097680097,1024.0,0.094976806640625,1987-10-28,1987-10-28,2,1024.0,Cardiff,Cardiff,1,0.014760147601476,0.014760147601476,1024.0,0.06285400390625,hmay32@richardson-rhodes.com,hmay32@richardson--rhodes.com,3,0.0038022813688212,0.0012674271229404,8.0,1.0,0,1.0
4.861379331182467,0.9667424842493934,166,168,Elizabeth,Elizabeth,4,0.01323706377858,0.01323706377858,1024.0,0.0700861150568181,Wright,Wright,4,0.0109890109890109,0.0109890109890109,1024.0,0.0844238281249999,1994-02-03,1994-02-01,1,8.0,Swansea,Swasea,0,0.015990159901599,0.002460024600246,0.03125,1.0,elizabeth.w@sullivan-anderson.info,elizabeth.w@sullivan-anderson.info,4,0.0050697084917617,0.0050697084917617,1024.0,0.18299560546875,1,1.0
8.696106864493197,0.9975947228175316,168,169,Elizabeth,Elizaeth,3,0.01323706377858,0.0012033694344163,8.0,1.0,Wright,Wright,4,0.0109890109890109,0.0109890109890109,1024.0,0.0844238281249999,1994-02-01,1994-02-01,2,1024.0,Swasea,awansS,0,0.002460024600246,0.001230012300123,0.03125,1.0,elizabeth.w@sullivan-anderson.info,elizabeth.w@sullivan-anderson.info,4,0.0050697084917617,0.0050697084917617,1024.0,0.18299560546875,1,1.0
8.154588503256354,0.9965029419347136,181,186,Freddie,Freddie,4,0.0180505415162454,0.0180505415162454,1024.0,0.0513964843749999,Holmes,Holmes,4,0.0061050061050061,0.0061050061050061,1024.0,0.1519628906249999,1992-10-02,1993-11-03,0,0.03125,Kingston-upon-Hull,Kingston-upon-Hull,1,0.015990159901599,0.015990159901599,1024.0,0.0580190805288461,fholmes@duncan.com,fholmes@duncan.com,4,0.0050697084917617,0.0050697084917617,1024.0,0.18299560546875,0,1.0
10.72661108126604,0.9994101900619656,277,279,Lola,Lola,4,0.0096269554753309,0.0096269554753309,1024.0,0.0963684082031249,Taylor,Taylor,4,0.017094017094017,0.017094017094017,1024.0,0.0542724609374999,2017-11-21,2017-11-20,1,8.0,Aberdeen,Aberdeen,1,0.019680196801968,0.019680196801968,1024.0,0.0471405029296874,lolat86@bishop-giles.om,lolat86@bishop-giles.com,3,0.0012674271229404,0.0025348542458808,8.0,1.0,0,1.0
16.276491989835723,0.9999874025623988,279,280,Lola,Lola,4,0.0096269554753309,0.0096269554753309,1024.0,0.0963684082031249,Taylor,Taylor,4,0.017094017094017,0.017094017094017,1024.0,0.0542724609374999,2017-11-20,2016-11-20,1,8.0,Aberdeen,Aberdeen,1,0.019680196801968,0.019680196801968,1024.0,0.0471405029296874,lolat86@bishop-giles.com,lolat86@bishop-giles.com,4,0.0025348542458808,0.0025348542458808,1024.0,0.3659912109375,0,1.0
1.4395520982088783,0.7306300396935052,434,437,Hugo,Hug,3,0.0048134777376654,0.0012033694344163,8.0,1.0,Kaur,Kaur,4,0.0097680097680097,0.0097680097680097,1024.0,0.094976806640625,1983-04-20,1973-03-23,0,0.03125,London,London,1,0.2127921279212792,0.2127921279212792,1024.0,0.0043598152998554,h.k@sharp.com,h.k@sharp.com,4,0.0038022813688212,0.0038022813688212,1024.0,0.243994140625,1,1.0
19.12565672819959,0.9999982517526492,502,504,Finley,Finley,4,0.0048134777376654,0.0048134777376654,1024.0,0.1927368164062499,Jones,Jones,4,0.028083028083028,0.028083028083028,1024.0,0.0330354110054347,1972-04-09,1972-04-09,2,1024.0,London,London,1,0.2127921279212792,0.2127921279212792,1024.0,0.0043598152998554,f.j@sharp.com,f.j@sharp.com,4,0.0050697084917617,0.0050697084917617,1024.0,0.18299560546875,0,1.0
9.608318848239051,0.9987204661827942,550,551,Riley,Riley,4,0.0060168471720818,0.0060168471720818,1024.0,0.154189453125,,King,-1,,0.0122100122100122,1.0,1.0,1984-04-19,1984-04-19,2,1024.0,Aberdeen,Aberdeen,1,0.019680196801968,0.019680196801968,1024.0,0.0471405029296874,,riley.k@zavala.com,-1,,0.0063371356147021,1.0,1.0,0,1.0
0.0339644470838761,0.5058853183617918,819,820,Logan,Logan,4,0.0120336943441636,0.0120336943441636,1024.0,0.0770947265625,Morgan,Morgan,4,0.0146520146520146,0.0146520146520146,1024.0,0.0633178710937499,1976-12-30,1976-12-31,1,8.0,Coventry,Cooventyr,0,0.025830258302583,0.001230012300123,0.03125,1.0,loganmorgan43@icbride-kmng.com,loganmorgan43@mcbride-king.com,3,0.0012674271229404,0.0025348542458808,8.0,1.0,1,1.0
4.644831755946118,0.9615634615361538,830,833,Mason,Mason,4,0.0108303249097472,0.0108303249097472,1024.0,0.0856608072916666,Smith,Smith,4,0.0134310134310134,0.0134310134310134,1024.0,0.0690740411931818,1983-03-16,1983-03-16,2,1024.0,Kingson-upon-Hull,Kingston-uponH-ull,0,0.001230012300123,0.001230012300123,0.03125,1.0,masons5@2@reed.com,masons52@reed.com,2,0.0012674271229404,0.0025348542458808,1.259921049894873,1.0,1,1.0
10.619724086685022,0.9993648612947764,858,859,Theodore,Theodore,4,0.0120336943441636,0.0120336943441636,1024.0,0.0770947265625,Marlshall,Marshall,2,0.0012210012210012,0.0073260073260073,1.259921049894873,1.0,1972-07-25,1972-07-25,2,1024.0,Birmingham,Birmingham,1,0.04920049200492,0.04920049200492,1024.0,0.018856201171875,theodore.m@taylor.com,theodore.m@taylorcom,3,0.0025348542458808,0.0012674271229404,8.0,1.0,0,1.0
13.735848449098608,0.9999267064480828,935,936,Henry,Henry,4,0.0108303249097472,0.0108303249097472,1024.0,0.0856608072916666,Roberts,Roberts,4,0.0073260073260073,0.0073260073260073,1024.0,0.1266357421874999,1981-08-25,1981-08-25,2,1024.0,kYorY,York,0,0.001230012300123,0.008610086100861,0.03125,1.0,henryr@moore.com,henryr@moore.com,4,0.0025348542458808,0.0025348542458808,1024.0,0.3659912109375,1,1.0
10.141648580544883,0.9991155459228503,974,977,Leon,Leon,4,0.0048134777376654,0.0048134777376654,1024.0,0.1927368164062499,Armstrong,Armstrong,4,0.0073260073260073,0.0073260073260073,1024.0,0.1266357421874999,1970-04-11,1970-04-13,1,8.0,Salford,Salford,1,0.017220172201722,0.017220172201722,1024.0,0.0538748604910714,,l.armstrong@reyes-campbell.net,-1,,0.0063371356147021,1.0,1.0,0,1.0
1.7931578739044731,0.7760722775030664,77,78,Elizabeth,Elizabeth,4,0.01323706377858,0.01323706377858,1024.0,0.0700861150568181,Mason,Mason,4,0.0085470085470085,0.0085470085470085,1024.0,0.1085449218749999,1996-11-10,1997-12-10,0,0.03125,Leicester,Leicester,1,0.008610086100861,0.008610086100861,1024.0,0.1077497209821428,emason@ware.com,em@aosn@ware.com,2,0.0038022813688212,0.0012674271229404,1.259921049894873,1.0,0,1.0
4.522504887564189,0.9583040662264912,377,378,Eiza,Eliza,3,0.0012033694344163,0.0060168471720818,8.0,1.0,Taylor,Taylor,4,0.017094017094017,0.017094017094017,1024.0,0.0542724609374999,1984-02-10,1983-12-15,0,0.03125,Glasgow,Glasgow,1,0.008610086100861,0.008610086100861,1024.0,0.1077497209821428,elizataylor@marshall.com,elizataylor@marshall.com,4,0.0063371356147021,0.0063371356147021,1024.0,0.146396484375,1,1.0
-0.8108284457691444,0.3630794015701923,375,379,Eliza,Ezia,1,0.0060168471720818,0.0012033694344163,0.1984251314960249,1.0,Taylor,Taylor,4,0.017094017094017,0.017094017094017,1024.0,0.0542724609374999,1993-02-08,1983-01-12,0,0.03125,Glasgow,Glasgow,1,0.008610086100861,0.008610086100861,1024.0,0.1077497209821428,elizataylor@marshall.com,elizataylor@marshall.com,4,0.0063371356147021,0.0063371356147021,1024.0,0.146396484375,1,0.0
14.500952642873022,0.9999568719762356,504,506,Finley,FFinley,3,0.0048134777376654,0.0012033694344163,8.0,1.0,Jones,Jones,4,0.028083028083028,0.028083028083028,1024.0,0.0330354110054347,1972-04-09,1972-04-09,2,1024.0,London,London,1,0.2127921279212792,0.2127921279212792,1024.0,0.0043598152998554,f.j@sharp.com,f.j@sharp.com,4,0.0050697084917617,0.0050697084917617,1024.0,0.18299560546875,1,1.0
5.790296233120984,0.982251170998434,364,365,Samuel,Samuel,4,0.0048134777376654,0.0048134777376654,1024.0,0.1927368164062499,Campbell,Campbell,4,0.0158730158730158,0.0158730158730158,1024.0,0.058447265625,2018-09-24,2018-09-23,1,8.0,Newcastle-upon-Tyne,Newcastle-upon--Tyne,0,0.022140221402214,0.001230012300123,0.03125,1.0,samuelcampbell35@hebert.com,samuelcampbell35@hebert.com,4,0.0050697084917617,0.0050697084917617,1024.0,0.18299560546875,1,1.0
13.023356347517897,0.9998799044445305,822,824,Noah,Noah,4,0.0072202166064981,0.0072202166064981,1024.0,0.1284912109375,RogeRrs,Rogers,3,0.0012210012210012,0.0061050061050061,8.0,1.0,2011-04-07,2011-04-07,2,1024.0,Swindon,Swindon,1,0.01230012300123,0.01230012300123,1024.0,0.0754248046875,,noahr@hudson-broow.net,-1,,0.0012674271229404,1.0,1.0,0,1.0
-1.1522913917009023,0.3103020587409402,477,480,Poppy,Poppy,4,0.003610108303249,0.003610108303249,1024.0,0.256982421875,Fox,Fox,4,0.0097680097680097,0.0097680097680097,1024.0,0.094976806640625,1992-07-10,1982-07-14,0,0.03125,London,London,1,0.2127921279212792,0.2127921279212792,1024.0,0.0043598152998554,poppy.fox63@rivera.com,poppy.foox63@rcvera.iom,2,0.0038022813688212,0.0012674271229404,1.259921049894873,1.0,0,0.0
1.1462259559235146,0.6887974553535302,169,170,Elizaeth,Elizabeth,3,0.0012033694344163,0.01323706377858,8.0,1.0,Wright,Wright,4,0.0109890109890109,0.0109890109890109,1024.0,0.0844238281249999,1994-02-01,1994-02-01,2,1024.0,awansS,Swansea,0,0.001230012300123,0.015990159901599,0.03125,1.0,elizabeth.w@sullivan-anderson.info,,-1,0.0050697084917617,,1.0,1.0,1,1.0
-1.6738548014228136,0.2386259067521103,337,338,Scarlett,Scarlett,4,0.0084235860409145,0.0084235860409145,1024.0,0.1101353236607142,Payne,Payne,4,0.0085470085470085,0.0085470085470085,1024.0,0.1085449218749999,1974-07-03,1974-06-03,1,8.0,Salfoard,Sralford,0,0.001230012300123,0.001230012300123,0.03125,1.0,scarlett.payne88@morton.info,,-1,0.0025348542458808,,1.0,1.0,1,0.0
1.5087960353082228,0.7399709778589149,389,393,Isaa,Isaac,3,0.0012033694344163,0.0060168471720818,8.0,1.0,James,James,4,0.0085470085470085,0.0085470085470085,1024.0,0.1085449218749999,1991-05-06,1991-05-06,2,1024.0,Lonndon,London,0,0.002460024600246,0.2127921279212792,0.03125,1.0,isaac.iames@smjth.com,,-1,0.0012674271229404,,1.0,1.0,1,1.0
2.3566896808512285,0.8366530234351776,485,486,Hannah,Hannah,4,0.003610108303249,0.003610108303249,1024.0,0.256982421875,Daivs,Davies,2,0.0012210012210012,0.017094017094017,1.259921049894873,1.0,1992-07-24,1993-07-24,1,8.0,Birmingham,Birmingham,1,0.04920049200492,0.04920049200492,1024.0,0.018856201171875,hannahd14@cardenas.com,,-1,0.0025348542458808,,1.0,1.0,0,1.0
14.305147312827764,0.9999506030524196,859,860,Theodore,Theodore,4,0.0120336943441636,0.0120336943441636,1024.0,0.0770947265625,Marshall,Marshall,4,0.0073260073260073,0.0073260073260073,1024.0,0.1266357421874999,1972-07-25,1972-07-25,2,1024.0,Birmingham,Birmingham,1,0.04920049200492,0.04920049200492,1024.0,0.018856201171875,theodore.m@taylorcom,,-1,0.0012674271229404,,1.0,1.0,0,1.0
13.12289202106881,0.9998879099174602,972,974,Leon,Leon,4,0.0048134777376654,0.0048134777376654,1024.0,0.1927368164062499,Arnmstrong,Armstrong,3,0.0012210012210012,0.0073260073260073,8.0,1.0,1970-04-11,1970-04-11,2,1024.0,Salford,Salford,1,0.017220172201722,0.017220172201722,1024.0,0.0538748604910714,l.armstrong@reyes-campbell.net,,-1,0.0063371356147021,,1.0,1.0,0,1.0
13.09933777568692,0.999886065061551,433,435,Hugo,Hugo,4,0.0048134777376654,0.0048134777376654,1024.0,0.1927368164062499,Kaur,Kaur,4,0.0097680097680097,0.0097680097680097,1024.0,0.094976806640625,1973-03-23,1973-03-23,2,1024.0,London,London,1,0.2127921279212792,0.2127921279212792,1024.0,0.0043598152998554,h.k@shhrp.com,,-1,0.0012674271229404,,1.0,1.0,0,1.0
8.474633690360353,0.9971967494817116,433,436,Hugo,,-1,0.0048134777376654,,1.0,1.0,Kaur,Kaur,4,0.0097680097680097,0.0097680097680097,1024.0,0.094976806640625,1973-03-23,1973-03-23,2,1024.0,London,London,1,0.2127921279212792,0.2127921279212792,1024.0,0.0043598152998554,h.k@shhrp.com,h.k@sharp.com,3,0.0012674271229404,0.0038022813688212,8.0,1.0,1,1.0
17.52495166659999,0.999994697733246,551,553,Riley,Riley,4,0.0060168471720818,0.0060168471720818,1024.0,0.154189453125,King,King,4,0.0122100122100122,0.0122100122100122,1024.0,0.0759814453124999,1984-04-19,1984-04-19,2,1024.0,Aberdeen,,-1,0.019680196801968,,1.0,1.0,riley.k@zavala.com,riley.k@zavala.com,4,0.0063371356147021,0.0063371356147021,1024.0,0.146396484375,1,1.0
2.039524839429747,0.8043474415983081,378,380,Eliza,Eliza,4,0.0060168471720818,0.0060168471720818,1024.0,0.154189453125,Taylor,Taylor,4,0.017094017094017,0.017094017094017,1024.0,0.0542724609374999,1983-12-15,1993-02-08,0,0.03125,Glasgow,,-1,0.008610086100861,,1.0,1.0,elizataylor@marshall.com,elizataylor@marshall.com,4,0.0063371356147021,0.0063371356147021,1024.0,0.146396484375,1,1.0
1.1124118344935103,0.6837512569795097,143,147,Harry,Harry,4,0.0108303249097472,0.0108303249097472,1024.0,0.0856608072916666,May,May,4,0.0097680097680097,0.0097680097680097,1024.0,0.094976806640625,1988-11-25,1987-10-28,0,0.03125,Cardiff,Cardiff,1,0.014760147601476,0.014760147601476,1024.0,0.06285400390625,hmay3@richarsson-rhooded.com,hmay32@richardson--rhodes.com,2,0.0012674271229404,0.0012674271229404,1.259921049894873,1.0,0,1.0
1.6961068644931965,0.7641650657032553,166,169,Elizabeth,Elizaeth,3,0.01323706377858,0.0012033694344163,8.0,1.0,Wright,Wright,4,0.0109890109890109,0.0109890109890109,1024.0,0.0844238281249999,1994-02-03,1994-02-01,1,8.0,Swansea,awansS,0,0.015990159901599,0.001230012300123,0.03125,1.0,elizabeth.w@sullivan-anderson.info,elizabeth.w@sullivan-anderson.info,4,0.0050697084917617,0.0050697084917617,1024.0,0.18299560546875,1,1.0
2.726611081266041,0.8687490066309829,277,280,Lola,Lola,4,0.0096269554753309,0.0096269554753309,1024.0,0.0963684082031249,Taylor,Taylor,4,0.017094017094017,0.017094017094017,1024.0,0.0542724609374999,2017-11-21,2016-11-20,0,0.03125,Aberdeen,Aberdeen,1,0.019680196801968,0.019680196801968,1024.0,0.0471405029296874,lolat86@bishop-giles.om,lolat86@bishop-giles.com,3,0.0012674271229404,0.0025348542458808,8.0,1.0,0,1.0
9.009705449140824,0.99806372659818,349,351,Scarlett,Scarlett,4,0.0084235860409145,0.0084235860409145,1024.0,0.1101353236607142,Smith,Smith,4,0.0134310134310134,0.0134310134310134,1024.0,0.0690740411931818,1994-03-04,1993-03-01,0,0.03125,Southend-on-Sea,Southend-on-Sea,1,0.017220172201722,0.017220172201722,1024.0,0.0538748604910714,scarlett.s@brown-johnson.org,scarlett.s@brown-johnson.org,4,0.0025348542458808,0.0025348542458808,1024.0,0.3659912109375,0,1.0
8.793157873904473,0.997750853051362,351,352,Scarlett,Scarlett,4,0.0084235860409145,0.0084235860409145,1024.0,0.1101353236607142,Smith,Smith,4,0.0134310134310134,0.0134310134310134,1024.0,0.0690740411931818,1993-03-01,1993-03-03,1,8.0,Southend-on-Sea,Southend-on-Sea,1,0.017220172201722,0.017220172201722,1024.0,0.0538748604910714,scarlett.s@brown-johnson.org,scarlet.srb@own-johnson.org,2,0.0025348542458808,0.0012674271229404,1.259921049894873,1.0,0,1.0
2.2919828536293165,0.8304305118483151,417,419,Florence,Florence,4,0.0024067388688327,0.0024067388688327,1024.0,0.3854736328124999,Brown,Brown,4,0.0085470085470085,0.0085470085470085,1024.0,0.1085449218749999,2002-02-24,1992-02-28,0,0.03125,London,London,1,0.2127921279212792,0.2127921279212792,1024.0,0.0043598152998554,fb@reose.cem,fb@reese.com,3,0.0012674271229404,0.0025348542458808,8.0,1.0,0,1.0
11.474633690360353,0.9996487320797318,433,437,Hugo,Hug,3,0.0048134777376654,0.0012033694344163,8.0,1.0,Kaur,Kaur,4,0.0097680097680097,0.0097680097680097,1024.0,0.094976806640625,1973-03-23,1973-03-23,2,1024.0,London,London,1,0.2127921279212792,0.2127921279212792,1024.0,0.0043598152998554,h.k@shhrp.com,h.k@sharp.com,3,0.0012674271229404,0.0038022813688212,8.0,1.0,1,1.0
8.11806262723124,0.996413595365482,549,551,Riley,Riley,4,0.0060168471720818,0.0060168471720818,1024.0,0.154189453125,King,King,4,0.0122100122100122,0.0122100122100122,1024.0,0.0759814453124999,1985-03-20,1984-04-19,0,0.03125,Aberdeen,Aberdeen,1,0.019680196801968,0.019680196801968,1024.0,0.0471405029296874,riley.k@zavala.com,riley.k@zavala.com,4,0.0063371356147021,0.0063371356147021,1024.0,0.146396484375,0,1.0
4.573748657884636,0.9597004532843136,937,940,Isabelle,Isabelle,4,0.0096269554753309,0.0096269554753309,1024.0,0.0963684082031249,Hall,Hall,4,0.0158730158730158,0.0158730158730158,1024.0,0.058447265625,1984-11-20,1984-11-20,2,1024.0,Swansae,Swansea,0,0.001230012300123,0.015990159901599,0.03125,1.0,isabelleh97m@lewis-gregory.com,isabelleh97@lewis-gregory.com,2,0.0012674271229404,0.0050697084917617,1.259921049894873,1.0,1,1.0
5.350844834751129,0.976082180348759,975,977,Leon,Leon,4,0.0048134777376654,0.0048134777376654,1024.0,0.1927368164062499,Armstronog,Armstrong,3,0.0012210012210012,0.0073260073260073,8.0,1.0,1980-04-08,1970-04-13,0,0.03125,Salford,Salford,1,0.017220172201722,0.017220172201722,1024.0,0.0538748604910714,l.armstrong@reyes-campbell.net,l.armstrong@reyes-campbell.net,4,0.0063371356147021,0.0063371356147021,1024.0,0.146396484375,0,1.0
14.500952642873022,0.9999568719762356,502,506,Finley,FFinley,3,0.0048134777376654,0.0012033694344163,8.0,1.0,Jones,Jones,4,0.028083028083028,0.028083028083028,1024.0,0.0330354110054347,1972-04-09,1972-04-09,2,1024.0,London,London,1,0.2127921279212792,0.2127921279212792,1024.0,0.0043598152998554,f.j@sharp.com,f.j@sharp.com,4,0.0050697084917617,0.0050697084917617,1024.0,0.18299560546875,1,1.0
19.364041001881333,0.9999985180205636,765,766,Adam,Adam,4,0.0072202166064981,0.0072202166064981,1024.0,0.1284912109375,Edwards,Edwards,4,0.0097680097680097,0.0097680097680097,1024.0,0.094976806640625,1971-08-28,1971-08-28,2,1024.0,Cardiff,Cardiff,1,0.014760147601476,0.014760147601476,1024.0,0.06285400390625,adam.edwards38@bullock-edward.com,adam.edwards38@bullock-edwards.com,3,0.0012674271229404,0.0038022813688212,8.0,1.0,0,1.0
4.311498422612785,0.9520520187534764,168,170,Elizabeth,Elizabeth,4,0.01323706377858,0.01323706377858,1024.0,0.0700861150568181,Wright,Wright,4,0.0109890109890109,0.0109890109890109,1024.0,0.0844238281249999,1994-02-01,1994-02-01,2,1024.0,Swasea,Swansea,0,0.002460024600246,0.015990159901599,0.03125,1.0,elizabeth.w@sullivan-anderson.info,,-1,0.0050697084917617,,1.0,1.0,1,1.0
7.619724086685022,0.9949413808320104,858,860,Theodore,Theodore,4,0.0120336943441636,0.0120336943441636,1024.0,0.0770947265625,Marlshall,Marshall,2,0.0012210012210012,0.0073260073260073,1.259921049894873,1.0,1972-07-25,1972-07-25,2,1024.0,Birmingham,Birmingham,1,0.04920049200492,0.04920049200492,1024.0,0.018856201171875,theodore.m@taylor.com,,-1,0.0025348542458808,,1.0,1.0,0,1.0
4.240415324551303,0.9497520846552996,937,941,Isabelle,Isabelle,4,0.0096269554753309,0.0096269554753309,1024.0,0.0963684082031249,Hall,Hall,4,0.0158730158730158,0.0158730158730158,1024.0,0.058447265625,1984-11-20,1984-11-20,2,1024.0,Swansae,Swansea,0,0.001230012300123,0.015990159901599,0.03125,1.0,isabelleh97m@lewis-gregory.com,,-1,0.0012674271229404,,1.0,1.0,1,1.0
2.524951666599989,0.8519733760903673,549,553,Riley,Riley,4,0.0060168471720818,0.0060168471720818,1024.0,0.154189453125,King,King,4,0.0122100122100122,0.0122100122100122,1024.0,0.0759814453124999,1985-03-20,1984-04-19,0,0.03125,Aberdeen,,-1,0.019680196801968,,1.0,1.0,riley.k@zavala.com,riley.k@zavala.com,4,0.0063371356147021,0.0063371356147021,1024.0,0.146396484375,1,1.0
17.03952483942975,0.9999925768422884,375,380,Eliza,Eliza,4,0.0060168471720818,0.0060168471720818,1024.0,0.154189453125,Taylor,Taylor,4,0.017094017094017,0.017094017094017,1024.0,0.0542724609374999,1993-02-08,1993-02-08,2,1024.0,Glasgow,,-1,0.008610086100861,,1.0,1.0,elizataylor@marshall.com,elizataylor@marshall.com,4,0.0063371356147021,0.0063371356147021,1024.0,0.146396484375,1,1.0
-1.8537740440764852,0.2167107963714415,467,469,Amber,,-1,0.0024067388688327,,1.0,1.0,Dixon,Dixon,4,0.0109890109890109,0.0109890109890109,1024.0,0.0844238281249999,1995-06-21,1995-06-21,2,1024.0,Aberdeen,Anberden,0,0.019680196801968,0.001230012300123,0.03125,1.0,ad29@jones.biz,,-1,0.0038022813688212,,1.0,1.0,1,0.0
0.7931578739044731,0.6340834211351976,349,352,Scarlett,Scarlett,4,0.0084235860409145,0.0084235860409145,1024.0,0.1101353236607142,Smith,Smith,4,0.0134310134310134,0.0134310134310134,1024.0,0.0690740411931818,1994-03-04,1993-03-03,0,0.03125,Southend-on-Sea,Southend-on-Sea,1,0.017220172201722,0.017220172201722,1024.0,0.0538748604910714,scarlett.s@brown-johnson.org,scarlet.srb@own-johnson.org,2,0.0025348542458808,0.0012674271229404,1.259921049894873,1.0,0,1.0
7.575775819629908,0.9947857267867376,504,507,Finley,Finley,4,0.0048134777376654,0.0048134777376654,1024.0,0.1927368164062499,Jones,Jones,4,0.028083028083028,0.028083028083028,1024.0,0.0330354110054347,1972-04-09,1972-04-07,1,8.0,London,London,1,0.2127921279212792,0.2127921279212792,1024.0,0.0043598152998554,f.j@sharp.com,f.j@sharp.moc,3,0.0050697084917617,0.0012674271229404,8.0,1.0,0,1.0
-0.0840098578481342,0.4854463132152624,544,545,Oliver,Olirev,3,0.0336943441636582,0.0012033694344163,8.0,1.0,Jones,Jones,4,0.028083028083028,0.028083028083028,1024.0,0.0330354110054347,1981-09-02,1991-08-29,0,0.03125,London,London,1,0.2127921279212792,0.2127921279212792,1024.0,0.0043598152998554,oliverjones82@bond.biz,oliverjones82@bond.biz,4,0.0038022813688212,0.0038022813688212,1024.0,0.243994140625,1,1.0
-0.0840098578481342,0.4854463132152624,545,546,Olirev,Oliver,3,0.0012033694344163,0.0336943441636582,8.0,1.0,Jones,Jones,4,0.028083028083028,0.028083028083028,1024.0,0.0330354110054347,1991-08-29,1981-09-02,0,0.03125,London,London,1,0.2127921279212792,0.2127921279212792,1024.0,0.0043598152998554,oliverjones82@bond.biz,oliverjones82@bond.biz,4,0.0038022813688212,0.0038022813688212,1024.0,0.243994140625,1,1.0
19.43573373233764,0.9999985898654729,887,890,Ivy,Ivy,4,0.0048134777376654,0.0048134777376654,1024.0,0.1927368164062499,LLee,Lee,3,0.0012210012210012,0.0097680097680097,8.0,1.0,1996-05-31,1996-05-31,2,1024.0,Liverpool,Liverpool,1,0.040590405904059,0.040590405904059,1024.0,0.0228560014204545,ivy.lee@carson-williams.info,ivy.lee@carson-williams.info,4,0.0050697084917617,0.0050697084917617,1024.0,0.18299560546875,0,1.0
13.350844834751127,0.9999042908037042,972,977,Leon,Leon,4,0.0048134777376654,0.0048134777376654,1024.0,0.1927368164062499,Arnmstrong,Armstrong,3,0.0012210012210012,0.0073260073260073,8.0,1.0,1970-04-11,1970-04-13,1,8.0,Salford,Salford,1,0.017220172201722,0.017220172201722,1024.0,0.0538748604910714,l.armstrong@reyes-campbell.net,l.armstrong@reyes-campbell.net,4,0.0063371356147021,0.0063371356147021,1024.0,0.146396484375,0,1.0
9.69002301418456,0.9987908311211396,985,987,Nancy,Nancy,4,0.003610108303249,0.003610108303249,1024.0,0.256982421875,lWisliaml,Williams,1,0.0012210012210012,0.0097680097680097,0.1984251314960249,1.0,1972-01-18,1972-01-18,2,1024.0,Birmingham,Birmingham,1,0.04920049200492,0.04920049200492,1024.0,0.018856201171875,nw5n@buckleyil4fo,nw5n@buckley.i4fo,3,0.0012674271229404,0.0012674271229404,8.0,1.0,0,1.0
4.573748657884636,0.9597004532843136,940,943,Isabelle,Isabelle,4,0.0096269554753309,0.0096269554753309,1024.0,0.0963684082031249,Hall,Hall,4,0.0158730158730158,0.0158730158730158,1024.0,0.058447265625,1984-11-20,1984-11-20,2,1024.0,Swansea,Snawea,0,0.015990159901599,0.001230012300123,0.03125,1.0,isabelleh97@lewis-gregory.com,isa.gelleh97@lewis-gregorybcom,2,0.0050697084917617,0.0012674271229404,1.259921049894873,1.0,1,1.0
4.522504887564189,0.9583040662264912,377,379,Eiza,Ezia,3,0.0012033694344163,0.0012033694344163,8.0,1.0,Taylor,Taylor,4,0.017094017094017,0.017094017094017,1024.0,0.0542724609374999,1984-02-10,1983-01-12,0,0.03125,Glasgow,Glasgow,1,0.008610086100861,0.008610086100861,1024.0,0.1077497209821428,elizataylor@marshall.com,elizataylor@marshall.com,4,0.0063371356147021,0.0063371356147021,1024.0,0.146396484375,1,1.0
8.213482192309923,0.9966423545820856,364,369,Samuel,Samuel,4,0.0048134777376654,0.0048134777376654,1024.0,0.1927368164062499,Campbell,Campbell,4,0.0158730158730158,0.0158730158730158,1024.0,0.058447265625,2018-09-24,2019-08-25,0,0.03125,Newcastle-upon-Tyne,Newcastle-upon-Tyne,1,0.022140221402214,0.022140221402214,1024.0,0.0419026692708333,samuelcampbell35@hebert.com,samuelcampbell35@hebert.com,4,0.0050697084917617,0.0050697084917617,1024.0,0.18299560546875,0,1.0
-0.2074109986911857,0.464120190755009,504,508,Finley,,-1,0.0048134777376654,,1.0,1.0,Jones,Jones,4,0.028083028083028,0.028083028083028,1024.0,0.0330354110054347,1972-04-09,1972-04-09,2,1024.0,London,Loodnn,0,0.2127921279212792,0.002460024600246,0.03125,1.0,f.j@sharp.com,f.j@shrarp.com,3,0.0050697084917617,0.0012674271229404,8.0,1.0,1,0.0
7.575775819629908,0.9947857267867376,502,507,Finley,Finley,4,0.0048134777376654,0.0048134777376654,1024.0,0.1927368164062499,Jones,Jones,4,0.028083028083028,0.028083028083028,1024.0,0.0330354110054347,1972-04-09,1972-04-07,1,8.0,London,London,1,0.2127921279212792,0.2127921279212792,1024.0,0.0043598152998554,f.j@sharp.com,f.j@sharp.moc,3,0.0050697084917617,0.0012674271229404,8.0,1.0,0,1.0
-0.7652420150636334,0.3704176884854652,815,816,Logan,Logan,4,0.0120336943441636,0.0120336943441636,1024.0,0.0770947265625,Morgan,Morgan,4,0.0146520146520146,0.0146520146520146,1024.0,0.0633178710937499,1977-01-29,1987-01-28,0,0.03125,Coventry,Coventry,1,0.025830258302583,0.025830258302583,1024.0,0.0359165736607142,,loganmorgan43@mcbride-king.com,-1,,0.0025348542458808,1.0,1.0,0,0.0
8.204169665102944,0.996620684519182,166,170,Elizabeth,Elizabeth,4,0.01323706377858,0.01323706377858,1024.0,0.0700861150568181,Wright,Wright,4,0.0109890109890109,0.0109890109890109,1024.0,0.0844238281249999,1994-02-03,1994-02-01,1,8.0,Swansea,Swansea,1,0.015990159901599,0.015990159901599,1024.0,0.0580190805288461,elizabeth.w@sullivan-anderson.info,,-1,0.0050697084917617,,1.0,1.0,0,1.0
-0.2074109986911857,0.464120190755009,502,508,Finley,,-1,0.0048134777376654,,1.0,1.0,Jones,Jones,4,0.028083028083028,0.028083028083028,1024.0,0.0330354110054347,1972-04-09,1972-04-09,2,1024.0,London,Loodnn,0,0.2127921279212792,0.002460024600246,0.03125,1.0,f.j@sharp.com,f.j@shrarp.com,3,0.0050697084917617,0.0012674271229404,8.0,1.0,1,0.0
-0.7652420150636334,0.3704176884854652,815,819,Logan,Logan,4,0.0120336943441636,0.0120336943441636,1024.0,0.0770947265625,Morgan,Morgan,4,0.0146520146520146,0.0146520146520146,1024.0,0.0633178710937499,1977-01-29,1976-12-30,0,0.03125,Coventry,Coventry,1,0.025830258302583,0.025830258302583,1024.0,0.0359165736607142,,loganmorgan43@icbride-kmng.com,-1,,0.0012674271229404,1.0,1.0,0,0.0
7.682967475611143,0.9951572944355233,938,939,Isabelle,Isabelle,4,0.0096269554753309,0.0096269554753309,1024.0,0.0963684082031249,Hall,Hall,4,0.0158730158730158,0.0158730158730158,1024.0,0.058447265625,1984-10-21,1994-11-18,0,0.03125,Swansea,Swansea,1,0.015990159901599,0.015990159901599,1024.0,0.0580190805288461,isabelleh97@lewis-gregory.com,isabelleh97@lewis-gregory.com,4,0.0050697084917617,0.0050697084917617,1024.0,0.18299560546875,0,1.0
7.682967475611143,0.9951572944355233,939,940,Isabelle,Isabelle,4,0.0096269554753309,0.0096269554753309,1024.0,0.0963684082031249,Hall,Hall,4,0.0158730158730158,0.0158730158730158,1024.0,0.058447265625,1994-11-18,1984-11-20,0,0.03125,Swansea,Swansea,1,0.015990159901599,0.015990159901599,1024.0,0.0580190805288461,isabelleh97@lewis-gregory.com,isabelleh97@lewis-gregory.com,4,0.0050697084917617,0.0050697084917617,1024.0,0.18299560546875,0,1.0
13.192447180078402,0.9998931852345831,256,257,Sofia,Sofia,4,0.003610108303249,0.003610108303249,1024.0,0.256982421875,Russell,Russell,4,0.0122100122100122,0.0122100122100122,1024.0,0.0759814453124999,2014-09-03,2014-09-03,2,1024.0,London,London,1,0.2127921279212792,0.2127921279212792,1024.0,0.0043598152998554,,sofiarussell9@rivera.com,-1,,0.0038022813688212,1.0,1.0,0,1.0
15.13308656704146,0.9999721724526228,940,941,Isabelle,Isabelle,4,0.0096269554753309,0.0096269554753309,1024.0,0.0963684082031249,Hall,Hall,4,0.0158730158730158,0.0158730158730158,1024.0,0.058447265625,1984-11-20,1984-11-20,2,1024.0,Swansea,Swansea,1,0.015990159901599,0.015990159901599,1024.0,0.0580190805288461,isabelleh97@lewis-gregory.com,,-1,0.0050697084917617,,1.0,1.0,0,1.0
1.5028479281961793,0.7391768873045018,691,693,Olivia,Olivia,4,0.0168471720818291,0.0168471720818291,1024.0,0.0550676618303571,,King,-1,,0.0122100122100122,1.0,1.0,2005-04-16,2004-04-17,0,0.03125,Newcastle-upon-Tyne,Newcastle-upon-Tyne,1,0.022140221402214,0.022140221402214,1024.0,0.0419026692708333,olivia.k1@howell.com,olivia.k1@howell.com,4,0.0025348542458808,0.0025348542458808,1024.0,0.3659912109375,0,1.0
2.234757984936367,0.824771594622906,816,819,Logan,Logan,4,0.0120336943441636,0.0120336943441636,1024.0,0.0770947265625,Morgan,Morgan,4,0.0146520146520146,0.0146520146520146,1024.0,0.0633178710937499,1987-01-28,1976-12-30,0,0.03125,Coventry,Coventry,1,0.025830258302583,0.025830258302583,1024.0,0.0359165736607142,loganmorgan43@mcbride-king.com,loganmorgan43@icbride-kmng.com,3,0.0025348542458808,0.0012674271229404,8.0,1.0,0,1.0
7.682967475611143,0.9951572944355233,938,940,Isabelle,Isabelle,4,0.0096269554753309,0.0096269554753309,1024.0,0.0963684082031249,Hall,Hall,4,0.0158730158730158,0.0158730158730158,1024.0,0.058447265625,1984-10-21,1984-11-20,0,0.03125,Swansea,Swansea,1,0.015990159901599,0.015990159901599,1024.0,0.0580190805288461,isabelleh97@lewis-gregory.com,isabelleh97@lewis-gregory.com,4,0.0050697084917617,0.0050697084917617,1024.0,0.18299560546875,0,1.0
4.573748657884636,0.9597004532843136,937,943,Isabelle,Isabelle,4,0.0096269554753309,0.0096269554753309,1024.0,0.0963684082031249,Hall,Hall,4,0.0158730158730158,0.0158730158730158,1024.0,0.058447265625,1984-11-20,1984-11-20,2,1024.0,Swansae,Snawea,0,0.001230012300123,0.001230012300123,0.03125,1.0,isabelleh97m@lewis-gregory.com,isa.gelleh97@lewis-gregorybcom,2,0.0012674271229404,0.0012674271229404,1.259921049894873,1.0,1,1.0
8.825280878003394,0.9978002701268106,375,378,Eliza,Eliza,4,0.0060168471720818,0.0060168471720818,1024.0,0.154189453125,Taylor,Taylor,4,0.017094017094017,0.017094017094017,1024.0,0.0542724609374999,1993-02-08,1983-12-15,0,0.03125,Glasgow,Glasgow,1,0.008610086100861,0.008610086100861,1024.0,0.1077497209821428,elizataylor@marshall.com,elizataylor@marshall.com,4,0.0063371356147021,0.0063371356147021,1024.0,0.146396484375,0,1.0
17.626850871228147,0.9999950593167384,441,442,Jacob,Jacob,4,0.0192539109506618,0.0192539109506618,1024.0,0.0481842041015624,Campbell,Campbell,4,0.0158730158730158,0.0158730158730158,1024.0,0.058447265625,1987-06-06,1987-06-06,2,1024.0,London,London,1,0.2127921279212792,0.2127921279212792,1024.0,0.0043598152998554,j.c65@ortiz.com,j.c65@ortiz.com,4,0.0063371356147021,0.0063371356147021,1024.0,0.146396484375,0,1.0
0.1330865670414613,0.5230458040637666,939,941,Isabelle,Isabelle,4,0.0096269554753309,0.0096269554753309,1024.0,0.0963684082031249,Hall,Hall,4,0.0158730158730158,0.0158730158730158,1024.0,0.058447265625,1994-11-18,1984-11-20,0,0.03125,Swansea,Swansea,1,0.015990159901599,0.015990159901599,1024.0,0.0580190805288461,isabelleh97@lewis-gregory.com,,-1,0.0050697084917617,,1.0,1.0,0,1.0
18.815196236400176,0.9999978319933152,952,953,George,GergGe,2,0.0144404332129963,0.0012033694344163,1.259921049894873,1.0,Davies,Davies,4,0.017094017094017,0.017094017094017,1024.0,0.0542724609374999,2004-06-23,2004-06-23,2,1024.0,Middlesbrough,Middlesbrough,1,0.003690036900369,0.003690036900369,1024.0,0.251416015625,gdavies72@conner-rose.com,gdavies72@conner-rose.com,4,0.0038022813688212,0.0038022813688212,1024.0,0.243994140625,1,1.0
0.1330865670414613,0.5230458040637666,938,941,Isabelle,Isabelle,4,0.0096269554753309,0.0096269554753309,1024.0,0.0963684082031249,Hall,Hall,4,0.0158730158730158,0.0158730158730158,1024.0,0.058447265625,1984-10-21,1984-11-20,0,0.03125,Swansea,Swansea,1,0.015990159901599,0.015990159901599,1024.0,0.0580190805288461,isabelleh97@lewis-gregory.com,,-1,0.0050697084917617,,1.0,1.0,0,1.0
16.15981907314746,0.9999863414749778,919,922,Evie,Evie,4,0.0084235860409145,0.0084235860409145,1024.0,0.1101353236607142,Jones,Jones,4,0.028083028083028,0.028083028083028,1024.0,0.0330354110054347,2002-07-22,2002-07-22,2,1024.0,London,,-1,0.2127921279212792,,1.0,1.0,eviejones@brewer-sparks.org,eviejones@brewer-sparks.org,4,0.0050697084917617,0.0050697084917617,1024.0,0.18299560546875,1,1.0
16.73333930542083,0.9999908217696036,544,546,Oliver,Oliver,4,0.0336943441636582,0.0336943441636582,1024.0,0.0275338309151785,Jones,Jones,4,0.028083028083028,0.028083028083028,1024.0,0.0330354110054347,1981-09-02,1981-09-02,2,1024.0,London,London,1,0.2127921279212792,0.2127921279212792,1024.0,0.0043598152998554,oliverjones82@bond.biz,oliverjones82@bond.biz,4,0.0038022813688212,0.0038022813688212,1024.0,0.243994140625,0,1.0
-0.3819133755121277,0.4342032482486885,963,966,Maryam,Maryam,4,0.0048134777376654,0.0048134777376654,1024.0,0.1927368164062499,Jones,Jones,4,0.028083028083028,0.028083028083028,1024.0,0.0330354110054347,1992-06-04,1992-07-06,0,0.03125,Coventry,Coventry,1,0.025830258302583,0.025830258302583,1024.0,0.0359165736607142,,maryam.j47@myers.com,-1,,0.0050697084917617,1.0,1.0,0,0.0
7.754477095584002,0.9953903999947462,961,966,Maryam,Maryam,4,0.0048134777376654,0.0048134777376654,1024.0,0.1927368164062499,Jsneeo,Jones,1,0.0012210012210012,0.028083028083028,0.1984251314960249,1.0,1992-07-05,1992-07-06,1,8.0,Coventry,Coventry,1,0.025830258302583,0.025830258302583,1024.0,0.0359165736607142,maryam.j47@myers.com,maryam.j47@myers.com,4,0.0050697084917617,0.0050697084917617,1024.0,0.18299560546875,0,1.0
